-- phpMyAdmin SQL Dump
-- version 4.0.10.6
-- http://www.phpmyadmin.net
--
-- Хост: 127.0.0.1:3306
-- Время создания: Сен 01 2015 г., 16:47
-- Версия сервера: 5.5.41-log
-- Версия PHP: 5.4.35

SET SQL_MODE = "NO_AUTO_VALUE_ON_ZERO";
SET time_zone = "+00:00";


/*!40101 SET @OLD_CHARACTER_SET_CLIENT=@@CHARACTER_SET_CLIENT */;
/*!40101 SET @OLD_CHARACTER_SET_RESULTS=@@CHARACTER_SET_RESULTS */;
/*!40101 SET @OLD_COLLATION_CONNECTION=@@COLLATION_CONNECTION */;
/*!40101 SET NAMES utf8 */;

--
-- База данных: `food-lk`
--

-- --------------------------------------------------------

--
-- Структура таблицы `cards`
--

CREATE TABLE IF NOT EXISTS `cards` (
  `id` int(11) NOT NULL AUTO_INCREMENT,
  `card_number` text COLLATE utf8_unicode_ci NOT NULL,
  `card_day_limit` int(11) NOT NULL DEFAULT '500',
  `card_credit_limit` int(11) NOT NULL DEFAULT '0',
  `card_balance` int(11) NOT NULL,
  PRIMARY KEY (`id`)
) ENGINE=InnoDB DEFAULT CHARSET=utf8 COLLATE=utf8_unicode_ci AUTO_INCREMENT=1 ;

-- --------------------------------------------------------

--
-- Структура таблицы `categories`
--

CREATE TABLE IF NOT EXISTS `categories` (
  `id` int(11) NOT NULL AUTO_INCREMENT,
  `menu_id` int(1) NOT NULL,
  `sort` int(11) NOT NULL,
  `name` varchar(255) COLLATE utf8_unicode_ci DEFAULT NULL,
  PRIMARY KEY (`id`)
) ENGINE=InnoDB  DEFAULT CHARSET=utf8 COLLATE=utf8_unicode_ci AUTO_INCREMENT=5 ;

--
-- Дамп данных таблицы `categories`
--

INSERT INTO `categories` (`id`, `menu_id`, `sort`, `name`) VALUES
(1, 1, 0, 'Первое'),
(2, 2, 0, 'Второе'),
(3, 2, 0, 'Десерт'),
(4, 1, 0, 'Напитки');

-- --------------------------------------------------------

--
-- Структура таблицы `child2products`
--

CREATE TABLE IF NOT EXISTS `child2products` (
  `child_id` int(11) NOT NULL,
  `product_id` int(11) NOT NULL,
  `disabled` tinyint(4) NOT NULL
) ENGINE=InnoDB DEFAULT CHARSET=utf8 COLLATE=utf8_unicode_ci;

-- --------------------------------------------------------

--
-- Структура таблицы `child_users`
--

CREATE TABLE IF NOT EXISTS `child_users` (
  `id` int(11) NOT NULL AUTO_INCREMENT,
  `parent_id` int(11) NOT NULL,
  `school_id` int(11) NOT NULL,
  `class` varchar(255) COLLATE utf8_unicode_ci NOT NULL,
  `card_number` text COLLATE utf8_unicode_ci NOT NULL,
  `first_name` varchar(255) COLLATE utf8_unicode_ci NOT NULL,
  `last_name` varchar(255) COLLATE utf8_unicode_ci NOT NULL,
  `middle_name` varchar(255) COLLATE utf8_unicode_ci NOT NULL,
  `birthday` date NOT NULL,
  `phone` varchar(255) COLLATE utf8_unicode_ci NOT NULL,
  `dinner_sms_enabled` int(11) NOT NULL,
  `dinner_sms_enabled_date` date NOT NULL,
  `visit_sms_enabled` int(11) NOT NULL,
  `visit_sms_enabled_date` date NOT NULL,
  `menu_id` int(11) NOT NULL,
  `image_blob` blob,
  PRIMARY KEY (`id`)
) ENGINE=InnoDB  DEFAULT CHARSET=utf8 COLLATE=utf8_unicode_ci AUTO_INCREMENT=6 ;

--
-- Дамп данных таблицы `child_users`
--

INSERT INTO `child_users` (`id`, `parent_id`, `school_id`, `class`, `card_number`, `first_name`, `last_name`, `middle_name`, `birthday`, `phone`, `dinner_sms_enabled`, `dinner_sms_enabled_date`, `visit_sms_enabled`, `visit_sms_enabled_date`, `menu_id`, `image_blob`) VALUES
(5, 0, 1, '', '', 'Иванов', 'Иван', 'Иванович', '2015-09-17', '', 0, '0000-00-00', 0, '0000-00-00', 1, 0x696d6167655f626c6f62);

-- --------------------------------------------------------

--
-- Структура таблицы `ci_sessions`
--

CREATE TABLE IF NOT EXISTS `ci_sessions` (
  `session_id` varchar(40) COLLATE utf8_unicode_ci NOT NULL DEFAULT '0',
  `ip_address` varchar(16) COLLATE utf8_unicode_ci NOT NULL DEFAULT '0',
  `user_agent` varchar(120) COLLATE utf8_unicode_ci NOT NULL,
  `last_activity` int(10) unsigned NOT NULL DEFAULT '0',
  `user_data` text COLLATE utf8_unicode_ci NOT NULL,
  PRIMARY KEY (`session_id`),
  KEY `last_activity_idx` (`last_activity`)
) ENGINE=InnoDB DEFAULT CHARSET=utf8 COLLATE=utf8_unicode_ci;

--
-- Дамп данных таблицы `ci_sessions`
--

INSERT INTO `ci_sessions` (`session_id`, `ip_address`, `user_agent`, `last_activity`, `user_data`) VALUES
('5d1beb75cd137a36bce7160700fbe6af', '127.0.0.1', 'Mozilla/5.0 (Windows NT 6.3; WOW64; rv:40.0) Gecko/20100101 Firefox/40.0', 1441115125, 'a:4:{s:9:"user_data";s:0:"";s:4:"user";O:8:"stdClass":8:{s:2:"id";s:1:"1";s:4:"name";s:5:"admin";s:8:"password";s:32:"21232f297a57a5a743894a0e4a801fc3";s:5:"email";s:14:"admin@admin.ru";s:5:"phone";s:12:"8-950-123-45";s:7:"address";s:0:"";s:11:"valid_email";s:1:"0";s:6:"secret";s:32:"f556de45badbca0264ee68f418a42265";}s:9:"logged_in";b:1;s:11:"user_groups";a:1:{i:0;s:5:"admin";}}');

-- --------------------------------------------------------

--
-- Структура таблицы `dynamic_menus`
--

CREATE TABLE IF NOT EXISTS `dynamic_menus` (
  `id` int(11) NOT NULL AUTO_INCREMENT,
  `name` varchar(100) COLLATE utf8_unicode_ci NOT NULL,
  `description` text COLLATE utf8_unicode_ci NOT NULL,
  PRIMARY KEY (`id`)
) ENGINE=InnoDB  DEFAULT CHARSET=utf8 COLLATE=utf8_unicode_ci AUTO_INCREMENT=5 ;

--
-- Дамп данных таблицы `dynamic_menus`
--

INSERT INTO `dynamic_menus` (`id`, `name`, `description`) VALUES
(1, 'Меню админ панели', ''),
(2, 'Верхнее меню', '');

-- --------------------------------------------------------

--
-- Структура таблицы `emails`
--

CREATE TABLE IF NOT EXISTS `emails` (
  `id` int(11) NOT NULL AUTO_INCREMENT,
  `type` tinyint(1) NOT NULL DEFAULT '2',
  `subject` varchar(200) COLLATE utf8_unicode_ci NOT NULL,
  `description` text COLLATE utf8_unicode_ci NOT NULL,
  `name` varchar(200) COLLATE utf8_unicode_ci DEFAULT NULL,
  PRIMARY KEY (`id`)
) ENGINE=InnoDB  DEFAULT CHARSET=utf8 COLLATE=utf8_unicode_ci AUTO_INCREMENT=9 ;

--
-- Дамп данных таблицы `emails`
--

INSERT INTO `emails` (`id`, `type`, `subject`, `description`, `name`) VALUES
(1, 1, 'Новый заказ', 'Кллиент  %user_name% оформил заказ № %order_id%.', 'Администратору при заказе'),
(2, 1, 'Заказ %order_id% в интернет магазине', '<p>Менеджер свяжется с Вами %user_name%.</p>\r\n\r\n<p>%products%</p>\r\n', 'Клиенту при заказе'),
(3, 1, 'Статус Вашего заказа изменен', 'Уважаемый %user_name%.\r\nСтатус Вашего заказа %order_id% изменен на %order_status%', 'Клиенту при изменении статуса заказа'),
(4, 1, 'Регистрация в магазине', '%user_name%, спасибо за регистрацию в нашем магазине. \r\nВаш логин %login%\r\nВаш пароль %password%', 'При регистрации'),
(5, 1, 'Ваш пароль изменен', '<p>%user_name%, Ваш пароль в интернет магазине изменен.</p>\r\n\r\n<p>Новые данные доступа:</p>\r\n\r\n<p>Ваш логин %login%</p>\r\n\r\n<p>Ваш пароль %password%</p>\r\n', 'При изменении пароля'),
(6, 1, 'Заказан обратный звонок', '<p>Клиент %USER_NAME%, оставил номер телефона - %USER_PHONE%</p>\r\n', 'Обратный звонок'),
(7, 1, 'Востановление пароля', '<p>Для изменения пароля перейдите по <a href="%base_url%admin/registration/new_password?email=%user_email%&amp;secret=%secret%">ссылке</a></p>\r\n', 'Востановление пароля');

-- --------------------------------------------------------

--
-- Структура таблицы `images`
--

CREATE TABLE IF NOT EXISTS `images` (
  `id` int(11) NOT NULL AUTO_INCREMENT,
  `name` varchar(300) COLLATE utf8_unicode_ci NOT NULL,
  `is_cover` tinyint(1) NOT NULL DEFAULT '0',
  `object_type` varchar(30) COLLATE utf8_unicode_ci NOT NULL,
  `object_id` int(11) NOT NULL,
  `image_type` varchar(30) COLLATE utf8_unicode_ci NOT NULL,
  `url` varchar(200) COLLATE utf8_unicode_ci NOT NULL,
  PRIMARY KEY (`id`),
  KEY `object_type_object_id` (`object_type`,`object_id`)
) ENGINE=InnoDB DEFAULT CHARSET=utf8 COLLATE=utf8_unicode_ci AUTO_INCREMENT=1 ;

-- --------------------------------------------------------

--
-- Структура таблицы `mailouts`
--

CREATE TABLE IF NOT EXISTS `mailouts` (
  `id` int(11) NOT NULL AUTO_INCREMENT,
  `template_id` int(11) DEFAULT NULL,
  `users_ids` varchar(200) DEFAULT NULL,
  `mailouts_date` date DEFAULT NULL,
  `success` int(11) DEFAULT NULL,
  `no_success` int(11) DEFAULT NULL,
  PRIMARY KEY (`id`)
) ENGINE=InnoDB DEFAULT CHARSET=utf8 AUTO_INCREMENT=1 ;

-- --------------------------------------------------------

--
-- Структура таблицы `manufacturers`
--

CREATE TABLE IF NOT EXISTS `manufacturers` (
  `id` int(11) NOT NULL AUTO_INCREMENT,
  `name` varchar(255) COLLATE utf8_unicode_ci NOT NULL,
  PRIMARY KEY (`id`)
) ENGINE=InnoDB  DEFAULT CHARSET=utf8 COLLATE=utf8_unicode_ci AUTO_INCREMENT=3 ;

--
-- Дамп данных таблицы `manufacturers`
--

INSERT INTO `manufacturers` (`id`, `name`) VALUES
(1, 'Поставщик 1'),
(2, 'Поставщик 2');

-- --------------------------------------------------------

--
-- Структура таблицы `menu`
--

CREATE TABLE IF NOT EXISTS `menu` (
  `id` int(11) NOT NULL AUTO_INCREMENT,
  `name` varchar(255) COLLATE utf8_unicode_ci NOT NULL,
  `manufacturer_id` int(11) NOT NULL,
  `school_id` int(11) NOT NULL,
  PRIMARY KEY (`id`)
) ENGINE=InnoDB  DEFAULT CHARSET=utf8 COLLATE=utf8_unicode_ci AUTO_INCREMENT=4 ;

--
-- Дамп данных таблицы `menu`
--

INSERT INTO `menu` (`id`, `name`, `manufacturer_id`, `school_id`) VALUES
(1, 'Меню 1', 1, 2),
(2, 'Меню 2', 2, 3),
(3, 'Меню 3', 1, 2);

-- --------------------------------------------------------

--
-- Структура таблицы `menus_items`
--

CREATE TABLE IF NOT EXISTS `menus_items` (
  `id` int(11) NOT NULL AUTO_INCREMENT,
  `menu_id` int(11) NOT NULL,
  `name` varchar(200) COLLATE utf8_unicode_ci NOT NULL,
  `parent_id` int(11) NOT NULL,
  `sort` int(3) NOT NULL,
  `description` text COLLATE utf8_unicode_ci NOT NULL,
  `item_type` varchar(300) COLLATE utf8_unicode_ci NOT NULL,
  `url` text COLLATE utf8_unicode_ci NOT NULL,
  PRIMARY KEY (`id`)
) ENGINE=InnoDB  DEFAULT CHARSET=utf8 COLLATE=utf8_unicode_ci AUTO_INCREMENT=39 ;

--
-- Дамп данных таблицы `menus_items`
--

INSERT INTO `menus_items` (`id`, `menu_id`, `name`, `parent_id`, `sort`, `description`, `item_type`, `url`) VALUES
(1, 4, 'Блог', 0, 1, '', 'articles', 'blog'),
(2, 4, 'Новости', 0, 0, '', 'articles', 'novosti'),
(4, 1, '<i class=icon-home></i>', 0, 0, '', 'link', 'admin/'),
(6, 1, 'Меню', 0, 1, '', 'link', '#'),
(7, 1, 'Заказы', 0, 4, '', 'link', 'admin/admin_orders'),
(8, 1, 'Настройки', 0, 8, '', 'link', '#'),
(9, 1, 'Рассылки', 0, 5, '', 'link', '#'),
(10, 1, 'Меню сайта', 8, 6, '', 'link', 'admin/menu_module/menus'),
(11, 1, 'Пользователи', 0, 7, '', 'link', '#'),
(13, 1, 'Меню', 6, 1, '', 'link', 'admin/content/items/menu/'),
(14, 1, 'Категории', 6, 2, '', 'link', 'admin/content/items/categories/'),
(15, 1, 'Блюда', 6, 3, '', 'link', 'admin/content/items/products/'),
(16, 1, 'Поставщики', 6, 4, '', 'link', 'admin/content/items/manufacturers'),
(17, 1, 'Настройки сайта', 8, 10, '', 'link', 'admin/content/item/edit/settings/1'),
(19, 1, 'Шаблоны', 9, 1, '', 'link', 'admin/content/items/emails/2'),
(20, 1, 'Рассылки', 9, 2, '', 'link', 'admin/mailouts_module'),
(21, 1, 'Системные письма', 9, 3, '', 'link', 'admin/content/items/emails/1'),
(22, 1, 'Пользователи', 11, 1, '', 'link', 'admin/users_module/'),
(23, 1, 'Группы пользователей', 11, 2, '', 'link', 'admin/content/items/users_groups/all'),
(33, 4, 'Контакты', 0, 17, '', 'link', 'contacts/'),
(34, 4, 'Каталог', 0, 18, '', 'link', 'catalog/'),
(35, 1, 'Дети', 36, 2, '', 'link', 'admin/content/items/child_users'),
(36, 1, 'Дети', 0, 2, '', 'link', '#'),
(37, 1, 'Карты', 36, 3, '', 'link', 'admin/content/items/cards/'),
(38, 1, 'Школы', 0, 3, '', 'link', 'admin/content/items/schools/');

-- --------------------------------------------------------

--
-- Структура таблицы `orders`
--

CREATE TABLE IF NOT EXISTS `orders` (
  `id` int(11) NOT NULL AUTO_INCREMENT,
  `card_number` text COLLATE utf8_unicode_ci NOT NULL,
  `date` date NOT NULL,
  `summ` float NOT NULL,
  `operation` int(11) NOT NULL,
  `info` int(11) NOT NULL,
  PRIMARY KEY (`id`)
) ENGINE=InnoDB DEFAULT CHARSET=utf8 COLLATE=utf8_unicode_ci AUTO_INCREMENT=1 ;

-- --------------------------------------------------------

--
-- Структура таблицы `products`
--

CREATE TABLE IF NOT EXISTS `products` (
  `id` int(11) NOT NULL AUTO_INCREMENT,
  `parent_id` int(11) NOT NULL,
  `sort` int(11) NOT NULL,
  `name` varchar(255) COLLATE utf8_unicode_ci NOT NULL,
  `weight` varchar(255) COLLATE utf8_unicode_ci NOT NULL,
  `price` float NOT NULL DEFAULT '0',
  PRIMARY KEY (`id`),
  KEY `parent_id` (`parent_id`)
) ENGINE=InnoDB  DEFAULT CHARSET=utf8 COLLATE=utf8_unicode_ci AUTO_INCREMENT=4 ;

--
-- Дамп данных таблицы `products`
--

INSERT INTO `products` (`id`, `parent_id`, `sort`, `name`, `weight`, `price`) VALUES
(1, 2, 0, 'Блюдо 1', '', 0),
(2, 3, 0, 'Блюдо 2', '', 0),
(3, 1, 0, 'Блюдо 3', '', 0);

-- --------------------------------------------------------

--
-- Структура таблицы `products2order`
--

CREATE TABLE IF NOT EXISTS `products2order` (
  `order_id` int(11) NOT NULL,
  `product_id` int(11) NOT NULL
) ENGINE=InnoDB DEFAULT CHARSET=utf8 COLLATE=utf8_unicode_ci;

-- --------------------------------------------------------

--
-- Структура таблицы `schools`
--

CREATE TABLE IF NOT EXISTS `schools` (
  `id` int(11) NOT NULL AUTO_INCREMENT,
  `name` varchar(255) COLLATE utf8_unicode_ci NOT NULL,
  PRIMARY KEY (`id`)
) ENGINE=InnoDB  DEFAULT CHARSET=utf8 COLLATE=utf8_unicode_ci AUTO_INCREMENT=4 ;

--
-- Дамп данных таблицы `schools`
--

INSERT INTO `schools` (`id`, `name`) VALUES
(1, 'Школа №1'),
(2, 'Школа №2'),
(3, 'Школа №3');

-- --------------------------------------------------------

--
-- Структура таблицы `settings`
--

CREATE TABLE IF NOT EXISTS `settings` (
  `id` int(11) NOT NULL AUTO_INCREMENT,
  `site_title` varchar(200) COLLATE utf8_unicode_ci NOT NULL,
  `admin_email` varchar(200) COLLATE utf8_unicode_ci NOT NULL,
  `admin_name` varchar(200) COLLATE utf8_unicode_ci NOT NULL,
  `order_string` varchar(200) COLLATE utf8_unicode_ci NOT NULL,
  `site_description` varchar(200) COLLATE utf8_unicode_ci NOT NULL,
  `site_keywords` varchar(200) COLLATE utf8_unicode_ci NOT NULL,
  `lastmod` date NOT NULL,
  `site_offline` int(11) DEFAULT '0',
  `offline_text` varchar(200) COLLATE utf8_unicode_ci NOT NULL,
  `main_page_type` int(11) NOT NULL DEFAULT '1',
  `main_page_id` int(11) NOT NULL,
  `main_page_cat` int(11) NOT NULL,
  PRIMARY KEY (`id`)
) ENGINE=InnoDB  DEFAULT CHARSET=utf8 COLLATE=utf8_unicode_ci AUTO_INCREMENT=2 ;

--
-- Дамп данных таблицы `settings`
--

INSERT INTO `settings` (`id`, `site_title`, `admin_email`, `admin_name`, `order_string`, `site_description`, `site_keywords`, `lastmod`, `site_offline`, `offline_text`, `main_page_type`, `main_page_id`, `main_page_cat`) VALUES
(1, 'Пробный сайт', 'admin@admin.ru', 'admin', 'Ваш заказ оформлен', '', '', '2015-03-06', 0, '', 2, 6, 1);

-- --------------------------------------------------------

--
-- Структура таблицы `users`
--

CREATE TABLE IF NOT EXISTS `users` (
  `id` int(11) NOT NULL AUTO_INCREMENT,
  `name` varchar(200) COLLATE utf8_unicode_ci NOT NULL,
  `password` varchar(200) COLLATE utf8_unicode_ci NOT NULL,
  `email` varchar(200) COLLATE utf8_unicode_ci NOT NULL,
  `phone` varchar(20) COLLATE utf8_unicode_ci NOT NULL,
  `address` text COLLATE utf8_unicode_ci NOT NULL,
  `valid_email` tinyint(1) NOT NULL DEFAULT '0',
  `secret` varchar(100) COLLATE utf8_unicode_ci NOT NULL,
  PRIMARY KEY (`id`),
  UNIQUE KEY `id` (`id`),
  UNIQUE KEY `email` (`email`)
) ENGINE=InnoDB  DEFAULT CHARSET=utf8 COLLATE=utf8_unicode_ci AUTO_INCREMENT=5 ;

--
-- Дамп данных таблицы `users`
--

INSERT INTO `users` (`id`, `name`, `password`, `email`, `phone`, `address`, `valid_email`, `secret`) VALUES
(1, 'admin', '21232f297a57a5a743894a0e4a801fc3', 'admin@admin.ru', '8-950-123-45', '', 0, 'f556de45badbca0264ee68f418a42265');

-- --------------------------------------------------------

--
-- Структура таблицы `users2users_groups`
--

CREATE TABLE IF NOT EXISTS `users2users_groups` (
  `users_group_id` int(11) NOT NULL,
  `user_id` int(11) NOT NULL,
  KEY `users_group_id` (`users_group_id`),
  KEY `user_id` (`user_id`)
) ENGINE=InnoDB DEFAULT CHARSET=utf8;

--
-- Дамп данных таблицы `users2users_groups`
--

INSERT INTO `users2users_groups` (`users_group_id`, `user_id`) VALUES
(1, 1);

-- --------------------------------------------------------

--
-- Структура таблицы `users_groups`
--

CREATE TABLE IF NOT EXISTS `users_groups` (
  `id` int(11) NOT NULL AUTO_INCREMENT,
  `name` varchar(255) NOT NULL,
  `is_edit` tinyint(1) NOT NULL DEFAULT '1',
  PRIMARY KEY (`id`)
) ENGINE=InnoDB  DEFAULT CHARSET=utf8 AUTO_INCREMENT=3 ;

--
-- Дамп данных таблицы `users_groups`
--

INSERT INTO `users_groups` (`id`, `name`, `is_edit`) VALUES
(1, 'admin', 0),
(2, 'customer', 0);

/*!40101 SET CHARACTER_SET_CLIENT=@OLD_CHARACTER_SET_CLIENT */;
/*!40101 SET CHARACTER_SET_RESULTS=@OLD_CHARACTER_SET_RESULTS */;
/*!40101 SET COLLATION_CONNECTION=@OLD_COLLATION_CONNECTION */;
