-- phpMyAdmin SQL Dump
-- version 4.0.10.6
-- http://www.phpmyadmin.net
--
-- Хост: 127.0.0.1:3306
-- Время создания: Сен 30 2015 г., 15:27
-- Версия сервера: 5.5.41-log
-- Версия PHP: 5.5.19

SET SQL_MODE = "NO_AUTO_VALUE_ON_ZERO";
SET time_zone = "+00:00";


/*!40101 SET @OLD_CHARACTER_SET_CLIENT=@@CHARACTER_SET_CLIENT */;
/*!40101 SET @OLD_CHARACTER_SET_RESULTS=@@CHARACTER_SET_RESULTS */;
/*!40101 SET @OLD_COLLATION_CONNECTION=@@COLLATION_CONNECTION */;
/*!40101 SET NAMES utf8 */;

--
-- База данных: `food-lk`
--

-- --------------------------------------------------------

--
-- Структура таблицы `cards`
--

CREATE TABLE IF NOT EXISTS `cards` (
  `id` int(11) NOT NULL AUTO_INCREMENT,
  `card_number` text COLLATE utf8_unicode_ci NOT NULL,
  `card_day_limit` decimal(10,2) NOT NULL DEFAULT '500.00',
  `card_credit_limit` decimal(10,2) NOT NULL DEFAULT '0.00',
  `card_balance` decimal(10,2) NOT NULL,
  PRIMARY KEY (`id`)
) ENGINE=InnoDB  DEFAULT CHARSET=utf8 COLLATE=utf8_unicode_ci AUTO_INCREMENT=6 ;

--
-- Дамп данных таблицы `cards`
--

INSERT INTO `cards` (`id`, `card_number`, `card_day_limit`, `card_credit_limit`, `card_balance`) VALUES
(1, '3333', '650.00', '0.00', '3080.00'),
(2, '1111', '200.00', '0.00', '2000.00'),
(3, '2222', '150.00', '0.00', '2920.00'),
(4, '4444', '500.00', '100.00', '5000.00'),
(5, '5555', '650.00', '0.00', '5000.00');

-- --------------------------------------------------------

--
-- Структура таблицы `categories`
--

CREATE TABLE IF NOT EXISTS `categories` (
  `id` int(11) NOT NULL AUTO_INCREMENT,
  `menu_id` int(1) NOT NULL,
  `sort` int(11) NOT NULL,
  `name` text COLLATE utf8_unicode_ci,
  PRIMARY KEY (`id`)
) ENGINE=InnoDB  DEFAULT CHARSET=utf8 COLLATE=utf8_unicode_ci AUTO_INCREMENT=8 ;

--
-- Дамп данных таблицы `categories`
--

INSERT INTO `categories` (`id`, `menu_id`, `sort`, `name`) VALUES
(1, 1, 0, 'Первое'),
(2, 2, 0, 'Второе'),
(3, 2, 0, 'Десерт'),
(4, 1, 0, 'Напитки'),
(5, 2, 0, 'Первое'),
(6, 2, 0, 'Гарнир'),
(7, 2, 0, 'Основное блюдо');

-- --------------------------------------------------------

--
-- Структура таблицы `child2product`
--

CREATE TABLE IF NOT EXISTS `child2product` (
  `child_user_id` int(11) NOT NULL,
  `product_id` int(11) NOT NULL,
  `disabled` tinyint(1) NOT NULL
) ENGINE=InnoDB DEFAULT CHARSET=utf8 COLLATE=utf8_unicode_ci;

--
-- Дамп данных таблицы `child2product`
--

INSERT INTO `child2product` (`child_user_id`, `product_id`, `disabled`) VALUES
(14, 1, 0),
(14, 4, 1),
(14, 11, 0),
(14, 12, 1),
(14, 13, 1),
(14, 16, 0),
(7, 2, 0),
(7, 3, 1),
(7, 5, 0),
(7, 6, 0),
(7, 7, 1),
(7, 8, 0),
(7, 9, 0),
(7, 10, 0),
(7, 14, 0),
(7, 15, 0),
(7, 17, 1),
(7, 18, 0),
(6, 2, 1),
(6, 3, 0),
(6, 5, 1),
(6, 6, 0),
(6, 7, 1),
(6, 8, 0),
(6, 9, 0),
(6, 10, 0),
(6, 14, 0),
(6, 15, 0),
(6, 17, 0),
(6, 18, 0),
(28, 2, 0),
(28, 3, 0),
(28, 5, 0),
(28, 6, 0),
(28, 7, 0),
(28, 8, 0),
(28, 9, 0),
(28, 10, 0),
(28, 14, 0),
(28, 15, 0),
(28, 17, 0),
(28, 18, 0);

-- --------------------------------------------------------

--
-- Структура таблицы `child_users`
--

CREATE TABLE IF NOT EXISTS `child_users` (
  `id` int(11) NOT NULL AUTO_INCREMENT,
  `parent_id` int(11) NOT NULL,
  `school_id` int(11) NOT NULL,
  `class` text COLLATE utf8_unicode_ci NOT NULL,
  `card_number` text COLLATE utf8_unicode_ci NOT NULL,
  `first_name` text COLLATE utf8_unicode_ci NOT NULL,
  `last_name` text COLLATE utf8_unicode_ci NOT NULL,
  `middle_name` text COLLATE utf8_unicode_ci NOT NULL,
  `birthday` date NOT NULL,
  `phone` text COLLATE utf8_unicode_ci NOT NULL,
  `dinner_sms_enabled` int(11) NOT NULL,
  `dinner_sms_enabled_date` date NOT NULL,
  `visit_sms_enabled` int(11) NOT NULL,
  `visit_sms_enabled_date` date NOT NULL,
  `image` blob,
  `has_image` tinyint(4) NOT NULL DEFAULT '0',
  PRIMARY KEY (`id`)
) ENGINE=InnoDB  DEFAULT CHARSET=utf8 COLLATE=utf8_unicode_ci AUTO_INCREMENT=30 ;

--
-- Дамп данных таблицы `child_users`
--

INSERT INTO `child_users` (`id`, `parent_id`, `school_id`, `class`, `card_number`, `first_name`, `last_name`, `middle_name`, `birthday`, `phone`, `dinner_sms_enabled`, `dinner_sms_enabled_date`, `visit_sms_enabled`, `visit_sms_enabled_date`, `image`, `has_image`) VALUES
(6, 2, 2, '11а', '1111', 'Петров', 'Иван', 'Иванович', '2010-01-21', '79114065275', 0, '0000-00-00', 0, '0000-00-00', 0xffd8ffe000104a46494600010100000100010000fffe003b43524541544f523a2067642d6a7065672076312e3020287573696e6720494a47204a50454720763830292c207175616c697479203d2037350affdb004300080606070605080707070909080a0c140d0c0b0b0c1912130f141d1a1f1e1d1a1c1c20242e2720222c231c1c2837292c30313434341f27393d38323c2e333432ffdb0043010909090c0b0c180d0d1832211c213232323232323232323232323232323232323232323232323232323232323232323232323232323232323232323232323232ffc000110800c8009603012200021101031101ffc4001f0000010501010101010100000000000000000102030405060708090a0bffc400b5100002010303020403050504040000017d01020300041105122131410613516107227114328191a1082342b1c11552d1f02433627282090a161718191a25262728292a3435363738393a434445464748494a535455565758595a636465666768696a737475767778797a838485868788898a92939495969798999aa2a3a4a5a6a7a8a9aab2b3b4b5b6b7b8b9bac2c3c4c5c6c7c8c9cad2d3d4d5d6d7d8d9dae1e2e3e4e5e6e7e8e9eaf1f2f3f4f5f6f7f8f9faffc4001f0100030101010101010101010000000000000102030405060708090a0bffc400b51100020102040403040705040400010277000102031104052131061241510761711322328108144291a1b1c109233352f0156272d10a162434e125f11718191a262728292a35363738393a434445464748494a535455565758595a636465666768696a737475767778797a82838485868788898a92939495969798999aa2a3a4a5a6a7a8a9aab2b3b4b5b6b7b8b9bac2c3c4c5c6c7c8c9cad2d3d4d5d6d7d8d9dae2e3e4e5e6e7e8e9eaf2f3f4f5f6f7f8f9faffda000c03010002110311003f00f7fa28a280128a28a0028a28a0028a28a0028a28a0028a292800a28a28189452d21a6034d0bf7c529a17ef0a00928a28a420a28a28012969296800a28a2800a28aa5a96ad61a3da9b9d42ee2b7887776c67d80ea4fd2802e515e6f79f1a3c3f0332c16b7b381d1b6aa83f99cfe94b61f19b41b8b7924bbb7bab675fba8007de3d88c60fd6a79915c92ec7a3d158da0f8a747f125b79fa6de249ce1a36f95d4fba9e7fa56cd512d584a5a292800a4a5a298c69a17ef8a285fbc28024a28a290828a28a004a5a4a5a0028a2b0fc4dad0d22c404602697214ff00747734a4d455d8e29b76454f13f8ad34785e0b5db25e118e7911e7d7d4fb578eea715deaf7666ba9e4b89dcfdf739c0fe9f4adc9ee96ea7273924f7e739f5a63b228729c923a77c7f9fe75c529b93d4ee841411c25e694cf75b101d8bf2fd7d69a74091222e7f84827fcfe75d8476f1ed5760371739fc855dfb323b3a7675c0fe5fd697332f951cad9e8b240fb43323e4346c0e0e7af5fc2bd13c31e2fd5f4e2b06a52b5edb76690fef147fbddff001fcc564456eb2421586d2000a4fa8fff0050a9a20bb8091406e55b23bfa8f6a4a725aa6128c64acd1ec16b750dedb25c40e1e37190454d5e6fe12d7458eb034e95c886e31b727a3f6ff0fcbd2bd22bb69cf9d5ce0a90e47612834b495640942fde1450bf785318fa28a290828a28a004a5a4a5a002bc03e23f8a1af75e9e185f291398c7d14e3f9835ef9231489d8750a4d7c99ab24d25fcb2484ef2371fc4d6159ec8de82d5b34ed7c400292481f39cfb01c0ad0b1d57cd95fcc386383b7d0119c7f2ae620d2a596f2081013bb0ee00e807f8d1722e62d4a778c36c2e4038ec0d617475d9d8ebe7d4c46ea808c13f966a58752dd3431e7f8867f1ae62c2deef50bd8a2743f374e38c8aea749f0bde24fe6ceb908db48f638cff005a526ba1515dcdabc86e2cef040df2bcb179b181dcaf24573f7facb180b8077a3147e7f23fd3fe035e85ab5a49731d95d46bbae2d5d5fa7de18c30fc4135c67897c3e565b8b8b742125f9cafd6a5ab304d339ffedddd731b2bfce3e6c8e39fff0058afa23c3fa9a6b3a0596a0873e744093fed0e0fea0d7ca73811cec01c6738f6af79f8317ed77e0b92dddb26d6e9d1467a290187ea4d74d1d19cb5f547a2d252d25741ca1483ef52d03ef5318ea28a290828a28a004a5a4a5a008ae278adada49a660b122e589ec2be7cd4ad2d2f7c4d751dbaeeb5f359a32460ed046057b878a6279bc317e918cb7959fc8835e3fa7dabbcc266539dad827b8ae6af2d523b2853fddb9dfa9674ab4b48da66316647e18f7ab034bd3245f2fca2b8cf5f7acad464d46de13f6381da4623e65c74aad603c48d7ceb736aad6ca485901219bd38271f956295ce83b7b2d1ac230aeabc8c1ad196f6dad811e5ee38c715474386e27495241ca1c7d6aa6af05e22b7900825c2eee3e51ebcd52db42377666d41aa47360184a0ed9aa17ecb764a2f4ef5c569d6fe34fb466e3ecfe5e785de30467ea6bb486d6e2388c97002b63a039a18596e78eebfa6326bf34112e5cc9851f5e6bd57e122a684971a7dcb8f3ee9c3000f0081c0e9f5ae6ae6c95fc51757922e47ca100ee76f35d768ba783afe9d2c20f0558e4e4900ff0086688cda6ac57b28ca0dc8f4fa4a5a4aed3cc0340eb4503a8a007514514005145140094b494b4008ca1d0ab00548c107b8af22d66d1f46d7fcb4463144e4ed1de36fe6403fa57af565eb1a0da6b2a9e7ee4913eec89d71e9f4acaac1c969b9bd0abecdbbecce22ced629c344e3254919ad05d1e0847998ce3a66a9dd27f646b52da8625542e09efc0abed7824b72b9ea2b04ac745eeae8b7a3c01c492a63637031de9f2dbc33b3c52007d4572567af5e5adc4b6c80041ca8e783fe15a1a75e5fdcc25ee955645270c3be6852561b8db536e2d2eda0e556a86b12aa5b301d40a7adfb32e09e7a1aceba66ba9d22cf2ec147e2714302b69f60668fcc73b431273dc93c7e55d7f86ec046cf73b46d03cb8cfafaff009fad697f6269fbc3f91838e818807f01c5682aaa2855002818000e056d0a5caeecc2a6239a1ca828a5a435b1cc2503a8a281d45003a8a28a0028a28a004a5a4a5a0028a28a00e37c69a6b8922d4a252540092e3b7a1fe9f9573770f70d67e659847907f03b601fc706bd1f5ab98acf42bfba990491436f248c87f8805271fa5790693af5b5f44b2dbbfcae33b7fc3fcf15cb5a3677ee7551936add845bdd55ddb7585aabf4da65273f8e2b421bdd7e58c2470592e7b97638ff00c76b52da082e0062c01356cc56f6e848604d424f73a9d48dadca8cfb613c717fa4b2197becce3f0abfa0422f35f8509c8881988fa74fd48ac8bed4147cb1e0b1e95c078db5fd4f439f4c934cbd9adae4ca5cc9136338c704771cf43c5385b992319b7cacfa5a96b9cf03f89a3f16785ad7520545c01e55ca2ff0c83afe07208f622ba3aec384290d2d21a004a07514b483a8a007514514005145140094b494b4005148582a96620003249ed5e47f117e3043a4a49a67872549eec8c4978bf3245ecbd99bdfa0f7ec0d2b9bbf187595d37c09716c1f135e911a81d76820b7e981ff0002af9c346d5a6d3ae0c25cf965b23d8d2dceb9aa6b3379da95fcf74ecc70d3c8582fa633d0719e3d2a93c00e0e0e3dfaf18fe847e46a24b9958d61eeb3d5b44f1399008ddf9f7ad9bad5c797c3e6bcaf4c8e575578dff780e08f5c77fd47e75d3db45348a0cd261475cd71ca16763b23696a6f4373b98c8c727d49ae0bc5dabc1aaea71456ff003a5be409073b98e338fc8549e20f10798ad6364ffb91f2c920fe3f6ff77f9d60450ed24c9900025cf7c743f893f2fd49f4ade952b6acc6ad44f447a7fc13f100d37c492e913ca160d42326304f0244e87f11b87bed1eb5f4257c53265a42ce00dc7185e9ee07b01c577be0cf895aa785c456de6bde580c0304ec4ed1fec3751fcbdaba0e67167d33486b13c37e2cd27c536627d3ae017033240e40923fa8febd2b6cd040940eb4503ad003a8a28a0028a28a004ac7f11789f4cf0c587dab509b696e228979795bd14567f8ebc636fe0ed09ae88492f24f92da027ef37a9c73b4753f977af99f56d7b50d7f537bdd5ae5e7924c8619e147a28e831d46282946e747e2ef897ab78a2fa3b72df67d30c8bfe8f1b1c3293d58ff00177ebc6474ae0ef096906727e5527dcedc8fe756ae83a853805f254e3a1cf071edcab0ff0078d417883cd9369cae08523d06e03f402916bc8478c24a62e30a307f06233f90a92e675b481649002cd82147f111d73f897cfe151bbed9e557c7248cf4e77b7ffabf1aa1287b877666242f0a0fa73ffd73f8d002c57b7a24170b7061542080bed91903be39eb5b7ff0924d7b1fd9e59e42546232d819eb9271fc58e07d4d63a5bc925921e1914b0e4fdde33f8679fcaa09e031a92bc0c9e9f87f8d1640ae91b31424bef625483d7fbb8ea7f0edea4d4f282bb620029e091fdd38e07fc047e3926b3f4ed547114ea0b0fb84ff0016390a7f1393eb8abe98739762771193d49c9c7e64fe82982d75219157cb5c0f99c7c83d17257f539cfd054912ae159865797c37a75c7e4aa3fe055587fcb119e563dc3f3661fcc55b70152443c90a07e4d1affeca680e858d3752bad3aed6ead669209a23959613b581efd3af240af75f047c54b6d53cbd3f5c96382f4f0971c2a4bce39f4391f43edd2be7e85fe4de0fcea377e419bfc2a37691aecaab144894038ef8001fd7bf4a627667da340eb5e45f093e218d4638fc3da9c844e8b8b495db3bc0fe027d476fcbd2bd7475a44587514514082ab6a17f6fa669f3df5dc82382042eec7b01566bc97e3c6af2db787ac34b81ca9bb98c9263ba20181ff7d329fc281a57679278ab5f93c4de21bad56476c4ee440aed911203f2afd31d7b7cd9ae7a78ceddf182acb9201ebc7553ee3f97a5476b36434527f10c67d32c3fa5491bbee3e613db2c3a8c02437d4505eda92c53acb6d14a4fcd1b0cff00c07919fa8dc3fe022a19c15400765000fc39fd5aa0c98ae248381e610401d33ea3db04fe75691d65b98c9fb8f20241ed96ff000140d0ad124da9153cab4847fe453550208d00ff00a663f5563562c89fb6c009e4943f9b034c986e84e382113ff459a03aa2ba9912cc853c48e723e8303ff4234e78898492723693f8e71fc9681cc56a074d9ce4e39dc7bf6e82a4276da907b0183ea086ff00e285024ca57369b63761fc2cdfa151fd6ae69b7134ad0c520cec9158b773f30033f4e7f3353cea184ca7b866fce503fa5164a1674c0eac83ff002250090d6e678d4705a1451f538156e7f998ca3eec9fd6463fd2a948d89a03e891ff008d4e1ffd171fddf2cffe3ac7fad035d06a82b1654124a9c01d49d807fecd483014210a5e46c9eeaa4f73fde3fa0fc698cd9f253b17c1fa6173fca9bceec0e9b3f9ae3f9914c4d132ccf0c91ba48fe60c30607041c0231e9d7f4afad7c17aa36b3e0ed22fe49bce965b65f36423059c0c37ea0d7c900af9dd3a1257f0627f90afa33e08de19fc0cd6cc7e6b5bb923c7a03823f99a0967a5514514890af0af8fc8c351d1e4e76b41281f8119fe6b5eeb5e2dfb41154b7d01c8c9df3afe1fbb3fd281c773c25fe5740dc02707f3c7f4a724934717cc8d2c60e1597ae59481fcaa4b98966893ca61b82e473cf0a58ffe85fa532d64913e5d8df290c78f46ff0002682ba10dc4a8f711b4672be612bc63033d3fad4d6ac5f257aec23f12b81fa9a8268dc3c4ee9b4a9018fd0e3fc2a08a49232c14ed257f960ffecb40fa169660ba8dbba93b43a7e5c7ff005ea79b8894f1c20cff00dfb18acf18f3d42f014311f80247f3ab72bfeeb9e7e5c1fc1145315f524da17c91d36aa9fe669930ca9ee4aa76ff00656895c6f39ea234c7fdf14d7f99a350724ed18fc1290d6c4fe6ab6e3eb163ff0022e69d6af8781bfe9a27fe864d5718f291b3d405fcdd8ff4a7db36d58ffd9910ff00e8469820971e7264f0113ff41ffebd3b27c8901ff67f45614c705ee1179f9963fe4bfe34e66cc4def83ff8e93fd680e88457cca38fba18fe69ff00d6a7c4c0cc327b20fd52a08db2acff00ef03ff007c81fd6a58062624f6607ff1f514031109661ff5ccff00e819ff001af7af80d316b3d72127ee4f1b7e7bff00c2bc26dd419e3cf0a70ac7d8f07f9d7b5fc027ccfaf2ff00b36dff00a0b034099ed9451452202bc43f68662d1e831f61e793ff0090c57b7d7857ed02f9d43444cf48a53f991fe140d6e78bc29e6019e99c7d791fd1bf4a22f9a40a38caed1f52b8a11f6c648ea338ff00c74ff43f954aa882e3119f954b63f0e6994437d9102003a80cdf8aa9aa45f6cc24232339c7a8ebfd6ae5c3ee4e9c6d00fe0b8fe959f26e50772950795c8edd2900f8ce277e73b5594fe008ff000ab0640cb22b762d8fc702aa420fa64953faa9a99fa1c1ff00f575ff000a0489a7621d7d0a0ce7b7c829e1889178c62503f97f8545213e638c0c2923f90a9981599b71ce199ff2ddfe14c685ff0096247a79647fdf2c7fad3a2002b7a95c8fc2327fad364f9624e7ae41fc117fc69c322307fbbbc7fe3aa3fad00b60e45c8ff63683f801ff00c4d17076c087d463f245ff001a47c79f3fd5f1f93525e9db091fdd91d7f451403e8350058a51e8cdfcd6ac44a5a5200eac07e6dffd6aaf211e5cbfefbff35a7c3726332b679038ff00bec5017d09a5215463a6d07f351fd457aefc079c8f12eb10767b70ff00911ffc55790cd8fbabd0647fe3cdfe22bd4fe057fc8f37c41e0d8c9fa3c743067d0b451452202bc1bf68343fda5a2376304a33ff000251ff00b3514503478bc4a59c83d0e09fcc0fea6a5850173106e48c73dced231f9d1453287cc9180ae1b81c8c9fa91fcf1f5154ef504d140e140cb94381db83fe7f1a28a04564e5811d719fd2a593ef903b138fa74a28a432d347bee5d40fbcc7f56a1d8121ff00bcadff00b37f8d14531f41640486f696403ff1d1538c07c70559b77e6e07fecb45140ba1557fd53377da73fa0feb4dd4a4c395f591dbf338fe94514031ad3028c3ae59cfe8b4814b2cc47bff003145140ba161f7445f77f789ff00c7857ae7c054dde29bf949e56cd87e6ebffc4d1450c6cfa0a8a28a441fffd9, 1),
(7, 2, 2, '10 б', '2222', 'Кузнецов', 'Виктор', 'Петрович', '2000-09-03', '234234234', 1, '2015-11-09', 0, '2015-09-11', 0xffd8ffe000104a46494600010100000100010000fffe003b43524541544f523a2067642d6a7065672076312e3020287573696e6720494a47204a50454720763830292c207175616c697479203d2037350affdb004300080606070605080707070909080a0c140d0c0b0b0c1912130f141d1a1f1e1d1a1c1c20242e2720222c231c1c2837292c30313434341f27393d38323c2e333432ffdb0043010909090c0b0c180d0d1832211c213232323232323232323232323232323232323232323232323232323232323232323232323232323232323232323232323232ffc000110800c8009603012200021101031101ffc4001f0000010501010101010100000000000000000102030405060708090a0bffc400b5100002010303020403050504040000017d01020300041105122131410613516107227114328191a1082342b1c11552d1f02433627282090a161718191a25262728292a3435363738393a434445464748494a535455565758595a636465666768696a737475767778797a838485868788898a92939495969798999aa2a3a4a5a6a7a8a9aab2b3b4b5b6b7b8b9bac2c3c4c5c6c7c8c9cad2d3d4d5d6d7d8d9dae1e2e3e4e5e6e7e8e9eaf1f2f3f4f5f6f7f8f9faffc4001f0100030101010101010101010000000000000102030405060708090a0bffc400b51100020102040403040705040400010277000102031104052131061241510761711322328108144291a1b1c109233352f0156272d10a162434e125f11718191a262728292a35363738393a434445464748494a535455565758595a636465666768696a737475767778797a82838485868788898a92939495969798999aa2a3a4a5a6a7a8a9aab2b3b4b5b6b7b8b9bac2c3c4c5c6c7c8c9cad2d3d4d5d6d7d8d9dae2e3e4e5e6e7e8e9eaf2f3f4f5f6f7f8f9faffda000c03010002110311003f00f7faf37d4803ab5dfa79f27fe846bd22bcf3511ff134bce3fe5bb7f3359d4d8d29ee54518c8ec029a0afee8fb5498241c0e4ad2e300fb1ac8d088a821b1fde3405f953f0a976707ea0d666abab43a459ef76cbe301719cd0c37d117a7758636791f6a720935873f8bf4c825311662e49eded5c4eabe22d42f4cb179fbe27ce415c62b9e90e199b2589ea49a9e62d53ee7797df10618f2228010339663c11dab32dfe26c9bc096d5644070769c607b571de5120ee2a4f5da334d011580c77a698729ea361e3fd2eedd63983c0c7f8986457476daad9dd448629d4ee2460b73d2bc3c85e3ae7a803b54892cb0b2324fb48c71939cd00e07bc100ae41c839c1a423e46f7ff115e6fa178d26882c176dbd092771ea38aef34fd72c354887d9a505980c0231fc545c969a2dedfdf0fa7f5a455cfe02a40b99060e48a50300f1d16988888e07d7fa568787171afdb1ff007bff0040354f181d3b9fe55a1e1eff0090edbf1d37ff00e8269add09ec7754514574180579fea40ff69ddf03fd737f335e815c1ea4a7fb4ae7febabffe846b3a9b1702a2e4363d8d3f670f9e879a00e47a92453f8c67d40fc2b3346cab753adadb49339015101af2dd67509754be370eaaa3a281fa5761e2fd40a40962b909f7a46cfe42b91b6b296fa4dc06d847cb93d2b39b35824b5661ca761655cf3d49aa2e5831c93cd76d1e916acc649410a0e113bb1f5aa775a3876691d76973f2a83ce3b5677b1aab1c89049c0ce69ad0bab742303d2bab934578e00d1c6149f5e73f4f4aa126952a1e6320e33f4aae70b182015739cd3d4e251c77cd5f7d3e4439da71ea6a392d0845600e4d3e62b9062005490307be2b4749d424d2eed260cdb320b05efed552388ab74e2a7f2f0a78e4f1537138ab1eb5a26b76dab444c5b95957956ea38ad62a36bfd2bcabc3da9cd63a8c2096319ca95cf7af5788875ce082704e6b58bb9cd356631c1dca3b7357fc3fff0021bb6ff81ffe826a9b7249c1e3fc6afe82b8d6a03dbe6ffd05aad6e43d8ed28a28adcc42b88bf5ff00898dc1ff00a6affccd76f5c55f0ff898cfff005d5ff99a89ec540aaa14904f5ddc7e229ca0e793c05a1400fea72bfce92f1da389cae090ac00c719accb3cd3c413b5febd303c2a363d9456749a93974b68be48d38393d7b7f4ab173b92725f06492505bd9475ac88918b07704190ee6cd62cdbc8e8add5a601cb16238c8f4abd046566f318024f427b0ff1aa161f7540ce2ba1b5b70c549e99a46ca3a162de08f0a523ea31b987344ba445708fdc03f9d68c3071ed5763840523b1a62d8e5ae3c3ab2c4238d4073d49ac6d4b42f2c88d57000c0c0af43f2541e063dea9dc5a82c0b282052b14a4797dd69fe54a171d062a236a7283debb4bfd2a392567191820e3f3a8a7d211238248ce4871b94761c8cd251094d1c6790c92b63395e47bd7aae812b5ce8b04a49270072735c36a767f66bc5755cab91ff8f0ff00f5575de11675d34c6ff7524f94fb56905a98d4b35746e300307bf00fea6afe863fe27109faff00e826a9b81bc718e9fcaafe8ab8d5e123a65bff004135aadcc1ec75b451456c6415c65f0ff8984dd33e737f3aeceb8ebec7daee0e0644cddbdea26544a98da5fd7b7e74b74c12da624646d6e3df069ccbcb1ec41a8b5138b09cfa2f3f88a87b17d4f26bb73f6e851fee1dc4fe41bfa62b3619da7b925baee3fceb43569556e2552c3728238f75159b6117cca7393d2b1e86cb73abd3d0617e95d3590031c573ba7ab00bc574f6b1fcaa6a51bf434e3008156e251552304019ab71f4ab466c575155a7036d596c9aaf283b68608c5ba0b1932119c7383deb30eaaad7b18970ab9fd08c569df2b73915c9ea88db8ed1f3019153768b92ba377548a3bcb20d1f380b9c76e01ff0ad2f0a7cb657098e566ea7d315c868ba890268ddbef00003d8815d87863ee5c0e064838fc2aa3ab3092b2365c12e013ce71fcab4345ff90ac5f56fe46a930f9c9f4357b461ff0013280f7cb7fe826b65b993d8eaa8a28ad4c82b8ebae6eee87fd367fe66bb1ae3ae8e6fae47fd357fe66a645448546e63c7a8aabab29934c902e4b6d06ae47f79bea691b98c1c76c1acdec5a3c235194c97777233770a7df9ab16a76c6a719cf4ab7e25d24d8f8aaf6cc261663e7c63d558e7f4208a6e9d6e5e548cf54cd62d1d1bec753a5add3052b12edc0ea6ba18ae840a0489cfb57366e2e210915b2fcec3962385acabad7ee6db584b19bcc918965dcaa429c71ebede955185f61caa28fc47a3457692f442a7dc55a57e2b92135cd85cc693e42ba865f5c119ae96d9c4b6fe6678c52775a30d1ea8b4d7091ae58d42d7d0b71826b1ae2ee5794470a92cc702b973e2c2ba8fd891c89f2ad83c000f4cf14e3194b6072515a9d85ecf1856dd1b81d09db5cb5dec97cc6460cb822b6e1d4669246b5b94c48bd78c67fcfb550bb80099b8c6ea86b52efa1ca471343712b038dad9fc2bbdf076f785e461c702b9bb9b3c310a3265031fcebbed1ecffb3f4f821c004202c3dcd5416a6551e85a6cf047727f9d5cd27fe42b6dff0002ff00d04d543f750ff9eb57349ff90adb8ff7bff4135b2dce77b1d5514515a998571b7447f68dc7fd767fe66bb2ae2ef081a95d7fd766fe75322a2221c3fe549ff2c9bda98b90d9c93c77a7647cc0fad6659c978eac3cc9748d4957e6867f2646ff0061c77fc7f9d72b6ca22d5988e5492457a6eab64ba9e992da1217cd5e091c061ca9fc0815e57a7c7730ea66def2364b88dd91d48ee0ff002ef59c8da9bd4ee60b41708ac70d81d2a51a2db190c8f68a5c9fbcd9cd5dd2611e50e45685c46021f9aa5368d9db66739a8c2b24eb9f99c1c924935a76476d838c67dab267977dcb08c31f9b693ef5b56f692ada1600edee6936db1f2ab1562b70f21dadb5faa907041aabff0008d59fda8dccd0379c4e77678ab9036db901b8e715be91ef00135519344ca2ba9846c154ef20e47735977ca0dc28c64f4aeaeee22b19fa572d7281ae989202a8e7f314ba837a12e99671dc5da48403e52e4fe1815d29fbec7d85676976cd05b33bf0d290718c6076abcedf31fa5691d8e79bbb14f451ec2ade9247f6bc18ff006bff00413545f96072463d3e957347c7f6c43eb86fe46ad6e66f63ada28a2b5330ae26f7fe423727fe9ab7fe846bb6ae1afdb1a95cff00d757ff00d08d44cb80d0df29f714b919fc7fa546a79c7a66973d3f0acee5d8909e108e82b83f1744e9e228e74c8dd0820fae0918aee49fdd8fc2b07c5965e769e97d1f2f684961ea871bbf2ebf854cb52a0ecc4d1b51cc038e40cd6935ff0099d4601ed581a0cb0c838c608c558bf49acc99602aca3928c7f91a85a9d2f52cc7619f31525650ce5c0f4279fcaaf5aff6888cdbb9409fdf0df787d2b0ad75c995c2cb67267b94208ad65d6addd37aaca1d7ef291c8aa512b965d8b4202b302cf98d4e471ce6a76d423b7619242ff2ac9feda3237eead243db27007f3a956de6bb1fbd60aa7f857fc6935626cd3d4bd7daa47e46e0db811dab274b55babd732a6700360f4ebc52ddc3143b501f917ae6ade93098a09276e0cc4103d14038a2376c8a8d246aeec8538e323bd35f049f7a61c6e5ff003da8279356730a4f5fc6aee8c73acc3ff02fe46a813cff009f5ab9a1b675983fe05ffa0b552dc6d68763451456c6215c1df9ff008995c8ff00a6cffccd7795c06a07fe26975ff5ddff0099acea6c5c37199c138f5a5c91fa545bb9fca9dbce3f0feb591a12e7f77583e3273ff088dfc609024db1b30382033283fa66b5a7b88aded5e59a458e35e5998e00af39f17f8c3edd1c7a7e9e01b679504d2ba9058678dbed91d6b6a34dce5a2d0caa49463e661e91acdd68d3225cb9920270b2e3a7b37a1aefa2d523bfb7e1b391cd79c02cb951f32904107a1152595d5c6992078159a227989baffc04ff004aeac460bed53fb88c3e2edeed4fbcf4bb50376d75fa1abdf65503f8883cf0715cfe8fe21b4bb8c6c75dc3ef2b70c0fa115b435844e4b284f526bcfd56963d28cddb465808a9d10002a3bad5a3b484e5803593a9788edd0158db713fdd0481f957257d752df4a305c47dd98633f41e95b52c354ad2db439ab62634f56eecd5bbd725bb9847090a1980dc47bd7a12b6224c9c9c0fe55e448fe490509dcbd0fa1aec349f17c53a4706a0424d9c79807cadf51d8d7562309c914a071d2c473caf33b2dd992985b249f53fd698920670ca4153c823bd1bbe603debcf3a90edd938f7abda17fc86a0ff00817fe826b373ce6b43413ff13bb7fab7fe826a93d50dec76d451456e6015e7ba89ff0089addffd776fe66bd0abcbbc4ba9c1a55c5fdcce78599f6a8eac771c015134dd922e0d2bdc9d9c28249000e493dab9bd5bc6b65661a2b222ea7e4654feed7ea7bfe1f9d719ab788afb596c4927976ffc30a1f947d7d7f1acc8d7e6240c77e2bb28e0bacce6a989e912eea1a9de6ab2892f6e5a4c7dd45e113e83fc9aa0c994d9d006c838e87d6a60bc0cf069c40507b8c7a57a2a9a4ac8e3736dea5639076bf07f87d0fd2a65237004e081cfb521883a103f234d3111bb39c0e80f4aa49a21b2c0891c86da09c773c83cf153664c6779c03e82a981839dce09c1e181a95721465dff0021fe35565bd82efb96834ac4fcf9fa2d0c1c8f998903f0a88093ab4a547bd31997bdc6ef651fe155a089f1866f9b35599b3291ce3a038a32e71e5a10bea7b8a02b9e4e41ed50ecc6ae69e97aedf69122f90e5a107989b9523fa7e15dfe93aeda6ad1830b8597ab44dc30fa7ad797fcca7af3d39ff3ef4e491a3756572ac0e4153d2b8ebe0e35355a33aa962250d0f60ddc91f8568f87cffc4f2dc7fbff00fa09af39d1bc5f2ab88351c14270260391d3afad7a0f86db7eb768e1810c1883ebf2b57973a52a72b48ef8d4538dd1ded1451566615f3478df509f50f18ea6923612deea58a351d000e467ea715f4bd7cb9e28257c65ae13d3fb42e0ff00e446ae9c32bcae615dfbb63355718391c738a9531f30c8c0ebf85317079e0d3c36003960474c57a891c4d8f560bf28ce338c76a70236818faff5a6f51d0e4fe3c9a0eee71ffebaa4202a5c7071e8314d466519000cf5cd3d49ce59719ec7b52a81eb90063a5021a64ea4c6a7bf229729804c4323da9c5428c83ebc1a5daa73b4630718f5a006068d78118c8f6a7f9aa40f940a45000c86e47a7d29f8e727bf7a76000ec791fca9fc8eb9e3839a68e01cf1eb8a68e70b924fbd500f3b47cd8cff009ffeb544df33e7078ec29c0b73c1cd2ed039247d7b543571a63474e7af4c5779f0cf5590789acf4e90978db7989bfbb846247e95c295f6238aea3e1b91ff0009fe983febaffe8a7ae6c4535283bf436a526a4ac7bfd14515e49de15f2f789cff00c565adb0c605fce0e7b7ef1abea1af96fc58c57c61adb01ff3109c1f7fde3575617e26615f6465c2c023823a3903fcfe35303b9b1c139aaf6afbc48c718121ce4fb0a9e36e0e3f0cd7a317a6871b448a76e7ae3b734e038098527af5a6a1258e38f723a548006ef803a915a12376aab71ebd29572c78071d334ecc6002bc9a687e006c114087eec633d3d334a58e4f1c75c7e348b22ec382381cd01949c8e3fad002e42af0063b738a76490bcf24e7afb5315f6e73eb9a796ce0a0e9d4fe34ee0191939381d88f5a4e738c73dcfad2310d9cf5c0ed41c9ed8e29a01dcf50d8f7cd47bb070bc77a6c84f0a38278a45751208c0cfafa526c6890938db83cfa76aea7e1c103c7fa501cff00adff00d14f5cb1ce770cf3c574ff000db6b7c42d31867fe5a81ff7e9eb1adf03f43487c48fa0a8a28af14f442be57f14b67c65ae83c81a8dc7fe8c6afaa2be54f147cbe35f1029ff00a08ce7ff00223575613e266188f84c5b67cbdd26307ce3cfe02afc246300e71d8d6779661b89640731c8016cf623bd476d3336a064573e5b47803dc575c64e2ecce76b9aed1b993b391f2e39c7d683280b9dd9f6aaeb312b82334f45ee4019ae94cc592b36e1b812073cd18c056c73df9cd229c0c0c0069e48ddd145310641c7ca01ed4a140c641e3bfe1403f38040381d334e5c74c67a6280100c8390053b8c8da38ef8ed48080b9208f5c528202e48e4f5cd301376de00c1fca94f23e639f5dbe941cb1c83c8eb9a6b38c9c6063d280236382cd9c718c9aad03efba2c3a038a75dc9b2190f39e4f3505a3ac31e198e4f3cd66e5ad8b51d2e68b3854c938cff003aea3e1a127e20e9791ff3d7ff00453d71c24593732924f4c66baff866b8f885a5f6ff005bff00a29ea2afc12f42a1f123e86a28a2bc63d10af94fc5e71e36d6cf6fed0b8ffd18d4515d586dd98d6e863cefb23ed93c0cfbd54862fb236de7ca272adfddcf634515d52d5dcc22ecac69c4477ab28cac84e738ee68a2b683d0c5ad47f99b9874c1e07d29372e482fc13451564d8909dc83e6e09c7ff5ff004a0139c1e73cff005a28a680504f39c53bb76ebe9d39a28a6223627181d075f4a89db1d81fc28a29363440fc9c1190dd4554c66e2400f42063d38a28ac64691ea5c8c051b7be7d2baff8607fe2e26983b665ff00d14f451454fe1bf4087c68fa2a8a28af1cf44fffd9, 1),
(14, 2, 1, '11а', '3333', 'Иванова', 'Людмила', 'Ивановна', '2015-09-07', '79500147125', 1, '0000-00-00', 1, '0000-00-00', 0xffd8ffe000104a46494600010100000100010000fffe003b43524541544f523a2067642d6a7065672076312e3020287573696e6720494a47204a50454720763930292c207175616c697479203d2037350affdb004300080606070605080707070909080a0c140d0c0b0b0c1912130f141d1a1f1e1d1a1c1c20242e2720222c231c1c2837292c30313434341f27393d38323c2e333432ffdb0043010909090c0b0c180d0d1832211c213232323232323232323232323232323232323232323232323232323232323232323232323232323232323232323232323232ffc000110800c8009603012200021101031101ffc4001f0000010501010101010100000000000000000102030405060708090a0bffc400b5100002010303020403050504040000017d01020300041105122131410613516107227114328191a1082342b1c11552d1f02433627282090a161718191a25262728292a3435363738393a434445464748494a535455565758595a636465666768696a737475767778797a838485868788898a92939495969798999aa2a3a4a5a6a7a8a9aab2b3b4b5b6b7b8b9bac2c3c4c5c6c7c8c9cad2d3d4d5d6d7d8d9dae1e2e3e4e5e6e7e8e9eaf1f2f3f4f5f6f7f8f9faffc4001f0100030101010101010101010000000000000102030405060708090a0bffc400b51100020102040403040705040400010277000102031104052131061241510761711322328108144291a1b1c109233352f0156272d10a162434e125f11718191a262728292a35363738393a434445464748494a535455565758595a636465666768696a737475767778797a82838485868788898a92939495969798999aa2a3a4a5a6a7a8a9aab2b3b4b5b6b7b8b9bac2c3c4c5c6c7c8c9cad2d3d4d5d6d7d8d9dae2e3e4e5e6e7e8e9eaf2f3f4f5f6f7f8f9faffda000c03010002110311003f00f78a4a0d25300a2928a0029c29b4b408752d252d001452d252185252d25002514b4940052d252d002d1451400514b45310c3494b48680128a28a002969296801d4b4829b2cd1c1134b2baa228cb331c002801e69322b8ad57e215a5b92961135c91c6f2085fc3b9ae765f88fa8ee2ed1471a03d2b375628d152933d5c1a4cd79f699f11eda438bb4d98c6594e47e55dbd9df417d6eb3c122c88dd0a9eb4e3352d8528b8ee5aa293ea68cd5922d2d252d002d1494b4085a28a28023a28349400514945002d2d25417b7b0e9f6925cdc3858d0649a1e803753d4ed748b192eeee4091a0efd49f415e53adf89aebc433b12c63b38ce52153c1c776ff3c567f88fc433f88b512f212b6b192234cf1ffeba92d341935354b66252d41ccd8e3cc3fddfa0ef5c752af37a1d94e8db57b980666d56431da19674538668d495aa977e1bd632088a40a7ba8c115ebf61a4c1650ac7146a800c00a3157bc85c63159a7d8d6d63c35343d46df064529bc6d7f4fad741a2f8ab57f0da496969b6e23cf05f920fb0ff003d6bd1750d220bfb731b0c7d2b9597c1c2de46744574f429b8d1cd24c396325a9a1a6fc489fcc0ba95bedcf753c8fc2bbfd3755b5d4e012dacbb81ea0f515e37a8594010c2b2dc4327a480819f6278359ba37886ff00c37aa8491dc827a1e148fa56d0aafa984e92e87d0c0d3ab2743d620d66c23b981b208c30ee0fa1ad515d29df5399ab0ea5a4a5a620a28a280233451494005149466980640193d2bcbfc71af1be99eda372b6b072d8ee6bb3f14eaa34dd25f6b62493e55e7f335e2faddea2432163954f9dfddbb0fe55cb5e7f651d3421f698ed355af7554507eee32bd81ec3f0ea7df15ea1a75b2dbc0aa3b0ae23c11a54896c2ee71f3bf249ee4f5ff0fc2bd0212aa00cd722d59d8d59169074a954034c8f0464548b91dab78a30930318f4a89e1ab19348707a9aa690936636a5a55bea16ed1cf12b71c1c722bca355d3668af6e348bc3ba445f36d66eecbe9f5af699075ae1bc77a7892d23d4631fbeb43bc11dd4f047f5fc2b3bd8b5a98ff000e3c472586ac2ce56c4529c1f40d5ee28c18023a11915f314d29b4d596e612144804981d320e0feb5f42f85b531aa6856d3e72d8c1ae8a52e873568f536e96928adcc05a28cd14011d252d2134c04269a5b1431aa97d722dad2598ff000a9343d15c16a79e78db5613eacf1020a5bae3fe05ff00ebaf3cb989efeeadedc64b4d306603a903b7e6735afae5c34b71339fbd23e49ff3ef9ad0f0d69c24bf92f5c0db12ed527a64f24fe58af2e52726d9e9c22a29237ed74669ade35b9b868a24002c511c63ea7bd5a4d245bb8686ea4dbe85b358d36a7777d7f2436316f820199a577f2d171d79fa67a54563a9cb25cf92c5a26e76bee2c871d8e46471571a6ed7b0e5512766ced6ce478fe567dc2b495f70ce6b97b2bc67703a104ab0f422ba18465335507ad889aea592c319355dee117a9c7e34c967543826aa4b0c374bb5b9cd537726292dcb8650cbc1ac3d7944ba55da30e0c4c0fe54af653e9c4cb693970396858e41fa7a547a85c2dce9cecbfc68723f0ace45a5d8f1ab8903da46e4f292153f423ffac6bd6be106a4d3585cd939c98c865fa578e4ae05bc88dd0329ff00c78ff4aedfe136a46dfc47e51202ceb8c7be38ad29bb34ccaaaba67be52d2519aed3885a2928a04329a4d14c63400d66ae77c4f77e558888360b56ebb570de27bbdf76cb9f9507ff005eb2af2b40d68c6f23ce353627507ec03671db8ce057a3787ac845a4c28eb92ebb987b9af3db7b7fb7eb2b1e321a6191f4eb5eb967084451e95e75ba1e974b99179a2c12c722a46d189061fcb25770f7c75acdb1d0069f7a2788dcc8379729236e4c9ce700f0a39278aee7ca1b73c555b931c69966e2b74e505b9949466f546258597d9f7772589e7b7b7e1d2b6a390a460139acf4df34acaa085fc8d5b7668d46e5205671975349c4a17d2c8f3ac5082646e985c91fe7deb065d436dc8487ed1238cf287ef7d3b1fc2ba4bab569918c7c1652a79c641ea335cec1a03da6a2b710c923625590c33487008c7ddec33b573c76ade3c8f73093a8be134747d486a96dbf71e4f07a138f6ed49771794d32af427207e149a7e972c1ae5d5f7949125ce0b2210467d738a4f124df65b49dc7554cd66edd0d2ecf12d49c4335da03c2b903f018fe757bc19a91b3f10db383d196b0355b8692476e8643b8fd49cd43a3dd98b5981b38f9c0ab8c7dd22725cd63ecab7944d6d1ca3a3a8352d73be0abff00b7f86e025b2d1e50fe1d2ba1aeb8bba4ce192b3b0ea29b45512464d44e69e4f150b9a6041336149f4af33d6aeb71bb9cf419039af42d466f2ace57f4538af28d6a422ca551fc4cd5c7897b23af0d1dd95fc191b4fabb4adc84dcc49f5fff0051af4d8a6dabbbb5707e01895d6e242392d8cd77ef6f8b66238c74ae75bdceb6d6c46d752b9eea9efd4d4374b2cc10c4c3729ce1ba1ae2b5bf1acfa15e7d9ae6c6490938565e8dee2af41e2cbb114524ba4ccab27dd2083edd8d0f5dcb8d37d0b76a3c4763aab4d7b3dadc58b13b5638cabc7e9f51566ebc4f2c7aac76773a4df1b59b005da286407df07207bd58b3f115a4ebb246f29ffbae306b4d2e6d6e176a32303daa92d342669a7ef225b5646564cee50783561ad95c72a08aab8554da8028f415259dd165647fbcbc1a6adb332f3439a2118e05721e256134a2273fbb27e7fa576570e0479ae2f538a5dd3dc10a50465803d7bd27a6c5415dea79078ebec316b0b1d85bf911a44a1d73cefe7afe045725148d1dc4722f043035db6bda5bddcfe6860f3484b39cf5f7ae526b1921988642369c56f0b289cf52ee573e90f8517fe7e9b3479ea1580fd0ff0031f957a3578e7c1db9202439e4c673fe7f0af62cd6b47e130ada485cd149456a6440c6a091aa56355646a60636bf3ecb4d83a9e6bcc3589730c883002fca3ebfe4577be20b8ca9cf40335e73a936e38f590123d783fe35e75795e67a1878da2687806fd52f2ead188dca55beb91cfeb5ea25c35a31ed8af9d06af2e8baf25fc7928a409147f129eb5ed9a16b96daa69cad14aacaeb9041a8dbe66af5f915f56d2ad7558952740594ee46eea7dab36fb4ad4e58ad123bd9636b425e19230bcb6739718f9876c7039ae9951661b876e2a648863d6945b34e64b74723ab43af5e430bacba319d73e62cd03c7bfd0fde233d3a1acfd2ede7ba8ee25d4201a5496fcfda219311c9e8067f0ebffeaf4530a3272a0d50b8d2ada4f98c783ea38ad451a96564ec705a278f6f0eb52e957508b9543859e2e49fa815e8564d24e7ce28503718355b4fd1ac6d246920b58d1cf2cc1793f535bb046a910ed49abbd0894d7cca9704ec22b87f196a5158c6d6503a89080f260e4ed1cf3e99ad6f1febe743f0fcb25bc9b2e5c84888c139f5fcbfa5788437b7571f689a691e69e63b4b31c9663d7f4a7cba5ccf9ecec5ebbd4764c8e4f0caf8cfe5fe35527ba5bb8361fbe1b77bf4aa775979f83948d4203d8e3a9fc4e69fa7dbc971290abc9e053d85b9ea5f08814bf8b3fc41cfe1d3f9d7b6d793fc34b2115dcd201f245180a7f119af57cd7450f86e72e23e31d45373456e605573c552b96c21f7e2ad486b375094470924f414a4ec8a8abb391f10dc72fee3ff00ad5c25dbee979e4990fe9c5745ac5d190e4f5692b9d71868b70c9259abc994af26cf5e9c6d148e53538832ce4f4dadfa115a1e15babcb1b28a581db66482b9f7a8f558f644ca06edecc3eb9e7fa56d782ec99f4e961987cc92118f4cf35a3d699295a773b7d03c4c939f22e8ec93b678cd75b6f3c4c707f0ae0a7d0bcc4dcab861d08a8adeff0054d38f97b8ba8e85866b38cb95ea6928a92d0f4d257191c7d2a171f2f35c85b78a6e400b2c40fd0e2a697c4135c0c28d83fd91935aba91667eca48ea2378e31b9d801e954b53d76d74fb492e6e2658a14192c4d73fe7dccbf7430ff69ce4d71ff105ae23d2ede3c3c8d24c0b77c2807fa914a32bbb09c2cae63789b51bcf16defda42b47651fcb0ab1c607a9f73556cf46231103b463e663c607b7d6b1535a78f11a9e139391d4fa54d16b12b4a0990e0726ae4a4671b6e695ce93fbcfeec40707d7d6b5f43d2c2279c50004e101efee6b23fb41ae7607e9fddaea6c372461ae1b0f8c94f41d79fcaa2fd0b6b4b9d9782665b6d464b707e52b8fa93cd7a4a9f94578fe857061d4525ce37107f957addbca25855c74600d75e1dde3638abaf7ae4f9a29a4d15d07394a43581af4fb2dc8271906b6e56c0ae33c517d1aab296e429007be2b0c44ad0674508f34d1c6eab7186876f7248fc862b3646ff4a45f45cff8d2de4a6492d8b1c64818ff00817f85451c81eea173c0310247f3fe95e5a3d64882e20f3aeed1480403cfe38ae9bc3f0791a85eae30a65e07fc04562c91e665603ee907f0aeaec630663228fbe037e98fe95d11d6162eac6d4d3f33a7b7895d07151dc6968c776da5b2970429ad4fbca0d3493389b699869a647e83f2ab29611f1f28abf800f4a9100a5ca81c9953ec71c6b92066b84f1782f7f6eaa8fc03b5d4f0bc8eb5e87391b48ae33569b17f98d16491411e5b0c8607a83ed570b292609cbecee70573a243e22d3ee9e2444beb6236caa3689473d6b8e6d36fecd8896da418ee0647e62bd64c76ba645225ba9533485caee2c73d947ad450da85cdc4a0195ba2f50bff00d7ad9d8ef783738a94b491c069927927cceb2763dc574b6f76a15549c97ce727fcfb555d5b4afb2c325dc119df92cf1a02473dc564e9b2bcee9d59b04e3d0563283bdce59a707cb23d0a07c242ea7b73f967fa57a9e8175f69b08dbd403f9f3fcf35e4fa387974c7b923f770b30ddd8be0f1f4017f5af49f096e5d36356ec181fc18815ad04d48e1af668e949a298c68aec390c8bcdce8c0395e3b5701a9a4b2dcb1116e44e0163d4fafd2ba3d6751bafb41b7b74c28fbce4e013fe7d2b97b97b88d092f133f71ce3f3ae3af693b1ed60b0b2b733ea72da92bc32c65c11b1fa93d7dea95bbee2bb81ff578fa1dcb57b5bb99272217882f19dcad9e7f2aceb36c360f5239fa8ae092b33ae54ed2b235e3728e85c641e33eb5d569322b4006ee146e53f88ae58dcc4c811803ea0f06b534e94fd9992de47899c70ff7b69e3f4ae8a4ececcb9d293a7282d4ec63e70c2b5206dc958163789262266fde28e72315b36edc536accf3270947492d4b2573d2914e0e28c914d191934326c56bfb8f2a092403240e07ad7237314b31fddca10b8dccf807ebd3df35a7afdfa022d837248ddcfe5590eb3c314712840a1ba2205001f5c76fd7deae36b1df83a135253b6855115bd8967dcd2cc7abb72df41d85490dbdc5e4840fdcc64f7eb8fe952a26e94a79478e8c071f87a9faf34eb8d463b6fdca2833019da7f847a9ff000aa47a5cb7d117e39adf4c0b12603b0ce4f24fb9ac9bdd161b93773d93a45717006f5450a18fb9ea3f0eb4a23fb4c4ce1b74bd4e7926a1499d3a1c106a9b26782855567b9af63a6dedd5b5b69969666382050aceeea339e58f5eff00e3ebc7a1697622c2d522073b542e7d715e6b6bad4f0b060c7e5ef9e45769e1ff0011ff0068620b8c2c9d11ba6efafbd694dc6e7878dcbead24e4b54744c79a298c68adcf24f32b9b8760d21627b027a8f7ac83be4b8d8c72c0f426ad79b938638e791557698ee91b9da7e4cff2feb5c0d5cfb88439514f50b612a941d41fd6b1044629718e9d4574e630e31dce48359f343be6dc17a81513a77454e8a9b4c82d152e6298a821d301830e455ed3c7932bc6c4a9ce55c74fa567a6f82e1a588e3e6208ec467a1ab0d7a6e191117c961d4fa8f414f91277074de8cd17bbb84bd4d46298491280b246382141fbc3f535d7d86b76ad74b6b2b8495943213d1c1cf20d70e13cc460186e618240c6299140da9696221215bdb073e5b824657b7f4aa7a9cd89c2c66b53d58b83d2a86abab5be9b68d2cadce0ed4079635c9691e29ba36315b491f997393112cd82b85279e3dbf3cd675c453dec06e2e64696476c7dee14720e3f2347236799470dcd55c24f633679a6bbbc92795dcca77330ec31c9fcb07f2adeb6bc4d474cde5caba908ca3eee7b63d8d72ffd9c8b337c83df3568db6351d3107dc69d4e0f4073d71eb446363dc9d36a28e9752bb682716d0a80e1012c4fddedc0f5c5654912c8ad32ff00ac1feb3dfdeac6a64ff6bcf27248da3f0c0a696f2dc48b820f5cf7abe85538f2c531b6b91f3a31057deac3a0bacb2fcb30eaa3a352db42be690a731b8c03e95012c8d9c1054f3834ba16fde775b90b643608c11c569e9d3b25d2953f30236fb74e6a078c5da165e261ff008f7ff5ea1b398ab9ea083fe7f950b464544a7069ee7ac59dd8bcb449870c46187a1a2b9ef0fde888cb1c8d85237034575c65747c5d7a2e9d4714b4386dfbd00c92c0e471d45364919adc1dc72a73f423914515c47db5b5b0c798222c83a06ce3da98c04531639d80eefc3ad14531ecd9423562996ebd4d2ac6acfc8ce4d1452ea6abe12c44c629fcb66dd93f293dfd8d4d1cc2df5c49bfe594f1ec907e9fe145147430a9ae83afa07b0bd32c014cd247952dd0b2baf27eaa5aac89dcdac2b1800b72dce4124e4feb9a28ad1bd2c70d2847db39f57fe45595145c127a1e2997184bbb093f8639d727db7628a2b33be5b1a9a98f2f53727a4801fd31500e8509ce3a7d28a2ad131f81324b3263976e08e696f904770c7f85f91f8d1451d077f7d1043e617f93381ed5682090f9c7e53d1b1ebc7ff5e8a2848551ea69dac83039c0da314514559e54e9a723ffd9, 1),
(28, 2, 2, '5-а', '4444', 'Сидоров', 'Павел', 'Викторович', '2015-09-01', '8-950-123-45-56', 0, '0000-00-00', 0, '0000-00-00', 0xffd8ffe000104a46494600010100000100010000fffe003b43524541544f523a2067642d6a7065672076312e3020287573696e6720494a47204a50454720763830292c207175616c697479203d2037350affdb004300080606070605080707070909080a0c140d0c0b0b0c1912130f141d1a1f1e1d1a1c1c20242e2720222c231c1c2837292c30313434341f27393d38323c2e333432ffdb0043010909090c0b0c180d0d1832211c213232323232323232323232323232323232323232323232323232323232323232323232323232323232323232323232323232ffc000110800c8009603012200021101031101ffc4001f0000010501010101010100000000000000000102030405060708090a0bffc400b5100002010303020403050504040000017d01020300041105122131410613516107227114328191a1082342b1c11552d1f02433627282090a161718191a25262728292a3435363738393a434445464748494a535455565758595a636465666768696a737475767778797a838485868788898a92939495969798999aa2a3a4a5a6a7a8a9aab2b3b4b5b6b7b8b9bac2c3c4c5c6c7c8c9cad2d3d4d5d6d7d8d9dae1e2e3e4e5e6e7e8e9eaf1f2f3f4f5f6f7f8f9faffc4001f0100030101010101010101010000000000000102030405060708090a0bffc400b51100020102040403040705040400010277000102031104052131061241510761711322328108144291a1b1c109233352f0156272d10a162434e125f11718191a262728292a35363738393a434445464748494a535455565758595a636465666768696a737475767778797a82838485868788898a92939495969798999aa2a3a4a5a6a7a8a9aab2b3b4b5b6b7b8b9bac2c3c4c5c6c7c8c9cad2d3d4d5d6d7d8d9dae2e3e4e5e6e7e8e9eaf2f3f4f5f6f7f8f9faffda000c03010002110311003f00f7faf37d4803ab5dfa79f27fe846bd22bcf3511ff134bce3fe5bb7f3359d4d8d29ee54518c8ec029a0afee8fb5498241c0e4ad2e300fb1ac8d088a821b1fde3405f953f0a976707ea0d666abab43a459ef76cbe301719cd0c37d117a7758636791f6a720935873f8bf4c825311662e49eded5c4eabe22d42f4cb179fbe27ce415c62b9e90e199b2589ea49a9e62d53ee7797df10618f2228010339663c11dab32dfe26c9bc096d5644070769c607b571de5120ee2a4f5da334d011580c77a698729ea361e3fd2eedd63983c0c7f8986457476daad9dd448629d4ee2460b73d2bc3c85e3ae7a803b54892cb0b2324fb48c71939cd00e07bc100ae41c839c1a423e46f7ff115e6fa178d26882c176dbd092771ea38aef34fd72c354887d9a505980c0231fc545c969a2dedfdf0fa7f5a455cfe02a40b99060e48a50300f1d16988888e07d7fa568787171afdb1ff007bff0040354f181d3b9fe55a1e1eff0090edbf1d37ff00e8269add09ec7754514574180579fea40ff69ddf03fd737f335e815c1ea4a7fb4ae7febabffe846b3a9b1702a2e4363d8d3f670f9e879a00e47a92453f8c67d40fc2b3346cab753adadb49339015101af2dd67509754be370eaaa3a281fa5761e2fd40a40962b909f7a46cfe42b91b6b296fa4dc06d847cb93d2b39b35824b5661ca761655cf3d49aa2e5831c93cd76d1e916acc649410a0e113bb1f5aa775a3876691d76973f2a83ce3b5677b1aab1c89049c0ce69ad0bab742303d2bab934578e00d1c6149f5e73f4f4aa126952a1e6320e33f4aae70b182015739cd3d4e251c77cd5f7d3e4439da71ea6a392d0845600e4d3e62b9062005490307be2b4749d424d2eed260cdb320b05efed552388ab74e2a7f2f0a78e4f1537138ab1eb5a26b76dab444c5b95957956ea38ad62a36bfd2bcabc3da9cd63a8c2096319ca95cf7af5788875ce082704e6b58bb9cd356631c1dca3b7357fc3fff0021bb6ff81ffe826a9b7249c1e3fc6afe82b8d6a03dbe6ffd05aad6e43d8ed28a28adcc42b88bf5ff00898dc1ff00a6affccd76f5c55f0ff898cfff005d5ff99a89ec540aaa14904f5ddc7e229ca0e793c05a1400fea72bfce92f1da389cae090ac00c719accb3cd3c413b5febd303c2a363d9456749a93974b68be48d38393d7b7f4ab173b92725f06492505bd9475ac88918b07704190ee6cd62cdbc8e8add5a601cb16238c8f4abd046566f318024f427b0ff1aa161f7540ce2ba1b5b70c549e99a46ca3a162de08f0a523ea31b987344ba445708fdc03f9d68c3071ed5763840523b1a62d8e5ae3c3ab2c4238d4073d49ac6d4b42f2c88d57000c0c0af43f2541e063dea9dc5a82c0b282052b14a4797dd69fe54a171d062a236a7283debb4bfd2a392567191820e3f3a8a7d211238248ce4871b94761c8cd251094d1c6790c92b63395e47bd7aae812b5ce8b04a49270072735c36a767f66bc5755cab91ff8f0ff00f5575de11675d34c6ff7524f94fb56905a98d4b35746e300307bf00fea6afe863fe27109faff00e826a9b81bc718e9fcaafe8ab8d5e123a65bff004135aadcc1ec75b451456c6415c65f0ff8984dd33e737f3aeceb8ebec7daee0e0644cddbdea26544a98da5fd7b7e74b74c12da624646d6e3df069ccbcb1ec41a8b5138b09cfa2f3f88a87b17d4f26bb73f6e851fee1dc4fe41bfa62b3619da7b925baee3fceb43569556e2552c3728238f75159b6117cca7393d2b1e86cb73abd3d0617e95d3590031c573ba7ab00bc574f6b1fcaa6a51bf434e3008156e251552304019ab71f4ab466c575155a7036d596c9aaf283b68608c5ba0b1932119c7383deb30eaaad7b18970ab9fd08c569df2b73915c9ea88db8ed1f3019153768b92ba377548a3bcb20d1f380b9c76e01ff0ad2f0a7cb657098e566ea7d315c868ba890268ddbef00003d8815d87863ee5c0e064838fc2aa3ab3092b2365c12e013ce71fcab4345ff90ac5f56fe46a930f9c9f4357b461ff0013280f7cb7fe826b65b993d8eaa8a28ad4c82b8ebae6eee87fd367fe66bb1ae3ae8e6fae47fd357fe66a645448546e63c7a8aabab29934c902e4b6d06ae47f79bea691b98c1c76c1acdec5a3c235194c97777233770a7df9ab16a76c6a719cf4ab7e25d24d8f8aaf6cc261663e7c63d558e7f4208a6e9d6e5e548cf54cd62d1d1bec753a5add3052b12edc0ea6ba18ae840a0489cfb57366e2e210915b2fcec3962385acabad7ee6db584b19bcc918965dcaa429c71ebede955185f61caa28fc47a3457692f442a7dc55a57e2b92135cd85cc693e42ba865f5c119ae96d9c4b6fe6678c52775a30d1ea8b4d7091ae58d42d7d0b71826b1ae2ee5794470a92cc702b973e2c2ba8fd891c89f2ad83c000f4cf14e3194b6072515a9d85ecf1856dd1b81d09db5cb5dec97cc6460cb822b6e1d4669246b5b94c48bd78c67fcfb550bb80099b8c6ea86b52efa1ca471343712b038dad9fc2bbdf076f785e461c702b9bb9b3c310a3265031fcebbed1ecffb3f4f821c004202c3dcd5416a6551e85a6cf047727f9d5cd27fe42b6dff0002ff00d04d543f750ff9eb57349ff90adb8ff7bff4135b2dce77b1d5514515a998571b7447f68dc7fd767fe66bb2ae2ef081a95d7fd766fe75322a2221c3fe549ff2c9bda98b90d9c93c77a7647cc0fad6659c978eac3cc9748d4957e6867f2646ff0061c77fc7f9d72b6ca22d5988e5492457a6eab64ba9e992da1217cd5e091c061ca9fc0815e57a7c7730ea66def2364b88dd91d48ee0ff002ef59c8da9bd4ee60b41708ac70d81d2a51a2db190c8f68a5c9fbcd9cd5dd2611e50e45685c46021f9aa5368d9db66739a8c2b24eb9f99c1c924935a76476d838c67dab267977dcb08c31f9b693ef5b56f692ada1600edee6936db1f2ab1562b70f21dadb5faa907041aabff0008d59fda8dccd0379c4e77678ab9036db901b8e715be91ef00135519344ca2ba9846c154ef20e47735977ca0dc28c64f4aeaeee22b19fa572d7281ae989202a8e7f314ba837a12e99671dc5da48403e52e4fe1815d29fbec7d85676976cd05b33bf0d290718c6076abcedf31fa5691d8e79bbb14f451ec2ade9247f6bc18ff006bff00413545f96072463d3e957347c7f6c43eb86fe46ad6e66f63ada28a2b5330ae26f7fe423727fe9ab7fe846bb6ae1afdb1a95cff00d757ff00d08d44cb80d0df29f714b919fc7fa546a79c7a66973d3f0acee5d8909e108e82b83f1744e9e228e74c8dd0820fae0918aee49fdd8fc2b07c5965e769e97d1f2f684961ea871bbf2ebf854cb52a0ecc4d1b51cc038e40cd6935ff0099d4601ed581a0cb0c838c608c558bf49acc99602aca3928c7f91a85a9d2f52cc7619f31525650ce5c0f4279fcaaf5aff6888cdbb9409fdf0df787d2b0ad75c995c2cb67267b94208ad65d6addd37aaca1d7ef291c8aa512b965d8b4202b302cf98d4e471ce6a76d423b7619242ff2ac9feda3237eead243db27007f3a956de6bb1fbd60aa7f857fc6935626cd3d4bd7daa47e46e0db811dab274b55babd732a6700360f4ebc52ddc3143b501f917ae6ade93098a09276e0cc4103d14038a2376c8a8d246aeec8538e323bd35f049f7a61c6e5ff003da8279356730a4f5fc6aee8c73acc3ff02fe46a813cff009f5ab9a1b675983fe05ffa0b552dc6d68763451456c6215c1df9ff008995c8ff00a6cffccd7795c06a07fe26975ff5ddff0099acea6c5c37199c138f5a5c91fa545bb9fca9dbce3f0feb591a12e7f77583e3273ff088dfc609024db1b30382033283fa66b5a7b88aded5e59a458e35e5998e00af39f17f8c3edd1c7a7e9e01b679504d2ba9058678dbed91d6b6a34dce5a2d0caa49463e661e91acdd68d3225cb9920270b2e3a7b37a1aefa2d523bfb7e1b391cd79c02cb951f32904107a1152595d5c6992078159a227989baffc04ff004aeac460bed53fb88c3e2edeed4fbcf4bb50376d75fa1abdf65503f8883cf0715cfe8fe21b4bb8c6c75dc3ef2b70c0fa115b435844e4b284f526bcfd56963d28cddb465808a9d10002a3bad5a3b484e5803593a9788edd0158db713fdd0481f957257d752df4a305c47dd98633f41e95b52c354ad2db439ab62634f56eecd5bbd725bb9847090a1980dc47bd7a12b6224c9c9c0fe55e448fe490509dcbd0fa1aec349f17c53a4706a0424d9c79807cadf51d8d7562309c914a071d2c473caf33b2dd992985b249f53fd698920670ca4153c823bd1bbe603debcf3a90edd938f7abda17fc86a0ff00817fe826b373ce6b43413ff13bb7fab7fe826a93d50dec76d451456e6015e7ba89ff0089addffd776fe66bd0abcbbc4ba9c1a55c5fdcce78599f6a8eac771c015134dd922e0d2bdc9d9c28249000e493dab9bd5bc6b65661a2b222ea7e4654feed7ea7bfe1f9d719ab788afb596c4927976ffc30a1f947d7d7f1acc8d7e6240c77e2bb28e0bacce6a989e912eea1a9de6ab2892f6e5a4c7dd45e113e83fc9aa0c994d9d006c838e87d6a60bc0cf069c40507b8c7a57a2a9a4ac8e3736dea5639076bf07f87d0fd2a65237004e081cfb521883a103f234d3111bb39c0e80f4aa49a21b2c0891c86da09c773c83cf153664c6779c03e82a981839dce09c1e181a95721465dff0021fe35565bd82efb96834ac4fcf9fa2d0c1c8f998903f0a88093ab4a547bd31997bdc6ef651fe155a089f1866f9b35599b3291ce3a038a32e71e5a10bea7b8a02b9e4e41ed50ecc6ae69e97aedf69122f90e5a107989b9523fa7e15dfe93aeda6ad1830b8597ab44dc30fa7ad797fcca7af3d39ff3ef4e491a3756572ac0e4153d2b8ebe0e35355a33aa962250d0f60ddc91f8568f87cffc4f2dc7fbff00fa09af39d1bc5f2ab88351c14270260391d3afad7a0f86db7eb768e1810c1883ebf2b57973a52a72b48ef8d4538dd1ded1451566615f3478df509f50f18ea6923612deea58a351d000e467ea715f4bd7cb9e28257c65ae13d3fb42e0ff00e446ae9c32bcae615dfbb63355718391c738a9531f30c8c0ebf85317079e0d3c36003960474c57a891c4d8f560bf28ce338c76a70236818faff5a6f51d0e4fe3c9a0eee71ffebaa4202a5c7071e8314d466519000cf5cd3d49ce59719ec7b52a81eb90063a5021a64ea4c6a7bf229729804c4323da9c5428c83ebc1a5daa73b4630718f5a006068d78118c8f6a7f9aa40f940a45000c86e47a7d29f8e727bf7a76000ec791fca9fc8eb9e3839a68e01cf1eb8a68e70b924fbd500f3b47cd8cff009ffeb544df33e7078ec29c0b73c1cd2ed039247d7b543571a63474e7af4c5779f0cf5590789acf4e90978db7989bfbb846247e95c295f6238aea3e1b91ff0009fe983febaffe8a7ae6c4535283bf436a526a4ac7bfd14515e49de15f2f789cff00c565adb0c605fce0e7b7ef1abea1af96fc58c57c61adb01ff3109c1f7fde3575617e26615f6465c2c023823a3903fcfe35303b9b1c139aaf6afbc48c718121ce4fb0a9e36e0e3f0cd7a317a6871b448a76e7ae3b734e038098527af5a6a1258e38f723a548006ef803a915a12376aab71ebd29572c78071d334ecc6002bc9a687e006c114087eec633d3d334a58e4f1c75c7e348b22ec382381cd01949c8e3fad002e42af0063b738a76490bcf24e7afb5315f6e73eb9a796ce0a0e9d4fe34ee0191939381d88f5a4e738c73dcfad2310d9cf5c0ed41c9ed8e29a01dcf50d8f7cd47bb070bc77a6c84f0a38278a45751208c0cfafa526c6890938db83cfa76aea7e1c103c7fa501cff00adff00d14f5cb1ce770cf3c574ff000db6b7c42d31867fe5a81ff7e9eb1adf03f43487c48fa0a8a28af14f442be57f14b67c65ae83c81a8dc7fe8c6afaa2be54f147cbe35f1029ff00a08ce7ff00223575613e266188f84c5b67cbdd26307ce3cfe02afc246300e71d8d6779661b89640731c8016cf623bd476d3336a064573e5b47803dc575c64e2ecce76b9aed1b993b391f2e39c7d683280b9dd9f6aaeb312b82334f45ee4019ae94cc592b36e1b812073cd18c056c73df9cd229c0c0c0069e48ddd145310641c7ca01ed4a140c641e3bfe1403f38040381d334e5c74c67a6280100c8390053b8c8da38ef8ed48080b9208f5c528202e48e4f5cd301376de00c1fca94f23e639f5dbe941cb1c83c8eb9a6b38c9c6063d280236382cd9c718c9aad03efba2c3a038a75dc9b2190f39e4f3505a3ac31e198e4f3cd66e5ad8b51d2e68b3854c938cff003aea3e1a127e20e9791ff3d7ff00453d71c24593732924f4c66baff866b8f885a5f6ff005bff00a29ea2afc12f42a1f123e86a28a2bc63d10af94fc5e71e36d6cf6fed0b8ffd18d4515d586dd98d6e863cefb23ed93c0cfbd54862fb236de7ca272adfddcf634515d52d5dcc22ecac69c4477ab28cac84e738ee68a2b683d0c5ad47f99b9874c1e07d29372e482fc13451564d8909dc83e6e09c7ff5ff004a0139c1e73cff005a28a680504f39c53bb76ebe9d39a28a6223627181d075f4a89db1d81fc28a29363440fc9c1190dd4554c66e2400f42063d38a28ac64691ea5c8c051b7be7d2baff8607fe2e26983b665ff00d14f451454fe1bf4087c68fa2a8a28af1cf44fffd9, 1);

-- --------------------------------------------------------

--
-- Структура таблицы `ci_sessions`
--

CREATE TABLE IF NOT EXISTS `ci_sessions` (
  `session_id` varchar(40) COLLATE utf8_unicode_ci NOT NULL DEFAULT '0',
  `ip_address` varchar(16) COLLATE utf8_unicode_ci NOT NULL DEFAULT '0',
  `user_agent` varchar(120) COLLATE utf8_unicode_ci NOT NULL,
  `last_activity` int(10) unsigned NOT NULL DEFAULT '0',
  `user_data` text COLLATE utf8_unicode_ci NOT NULL,
  PRIMARY KEY (`session_id`),
  KEY `last_activity_idx` (`last_activity`)
) ENGINE=InnoDB DEFAULT CHARSET=utf8 COLLATE=utf8_unicode_ci;

--
-- Дамп данных таблицы `ci_sessions`
--

INSERT INTO `ci_sessions` (`session_id`, `ip_address`, `user_agent`, `last_activity`, `user_data`) VALUES
('0288f094d3727f7c51d36980b802e1e4', '127.0.0.1', '0', 1443612134, ''),
('033c57e6817a07148e52f72631a6fc88', '127.0.0.1', '0', 1443615128, ''),
('07972f6003aa60756180ceb5684ee3f0', '127.0.0.1', '0', 1443609716, ''),
('089f30fb023d7736bb3ad859ef2255a5', '127.0.0.1', '0', 1443609492, ''),
('1689aacde9a792a43184c0cbb29c4534', '127.0.0.1', '0', 1443609716, ''),
('26a7be846d3493682e0d09d547e11e81', '127.0.0.1', '0', 1443611477, ''),
('2eacdbbd6a8af2111a1b7888c76a7572', '127.0.0.1', '0', 1443613693, ''),
('30deedd1816ac06586ca5912c200eb51', '127.0.0.1', '0', 1443611222, ''),
('3ab2d681f80bac4c66190c401b10d0b7', '127.0.0.1', '0', 1443614789, ''),
('3df4fc87c568f0d14b77fa6bf62bedd3', '127.0.0.1', '0', 1443608042, ''),
('410e04d32a3112e9e47f090fddd82d12', '127.0.0.1', '0', 1443608032, ''),
('466d0db34955999a3605f85cc6d2b1ce', '127.0.0.1', '0', 1443608051, ''),
('4694ff3e9593ce80967b6607bfa05290', '127.0.0.1', '0', 1443614981, ''),
('4cfa2ecf3cebee97c40c4d0e3d8ee0cb', '127.0.0.1', '0', 1443610226, ''),
('584445e53773a1138003920329f56ee8', '127.0.0.1', '0', 1443608051, ''),
('5cd97c8fc1e4c6e55d21570730c51b47', '127.0.0.1', '0', 1443614965, ''),
('5f5e65ec0d3caa628b39b8805f6cfd9b', '127.0.0.1', '0', 1443608000, ''),
('615faea41f327f516abc398c66f992d6', '127.0.0.1', '0', 1443609711, ''),
('63259f492408f0854ce98a25629141f7', '127.0.0.1', '0', 1443611202, ''),
('6b688ec9094f23d5614eaa5d935aa56f', '127.0.0.1', '0', 1443609493, ''),
('6ebf2a31202f0ebc66aa510d3c554504', '127.0.0.1', '0', 1443609750, ''),
('7393c0f760361562b78b00c076f20dc5', '127.0.0.1', '0', 1443607979, ''),
('75ad7f0e95f5d0f25ed55408eabf6d31', '127.0.0.1', '0', 1443611203, ''),
('7969435bc64b737a156f985b2cbda184', '127.0.0.1', '0', 1443609711, ''),
('7f71c91d9630e229d724564c9cbde027', '127.0.0.1', '0', 1443613688, ''),
('8eed2cc4e7dc76b01876b1f929197eb8', '127.0.0.1', '0', 1443615174, ''),
('99b7ca506a077b0c33a756363e15a53a', '127.0.0.1', '0', 1443610190, ''),
('a839cf381e8978ef6a5addf12ef01244', '127.0.0.1', '0', 1443614631, ''),
('a92a9de3f68c8bc33006300b013600d2', '127.0.0.1', '0', 1443608061, ''),
('b468c69ac4c01b0db43d190342223fdc', '127.0.0.1', 'Mozilla/5.0 (Windows NT 6.3; WOW64; rv:40.0) Gecko/20100101 Firefox/40.0', 1443614610, 'a:4:{s:9:"user_data";s:0:"";s:4:"user";O:8:"stdClass":8:{s:2:"id";s:1:"2";s:4:"name";s:42:"Петров Иван Васильевич";s:8:"password";s:32:"d0e45878043844ffc41aac437e86b602";s:5:"email";s:16:"ivanov@parent.ru";s:5:"phone";s:11:"79500147120";s:7:"address";s:0:"";s:11:"valid_email";s:1:"0";s:6:"secret";s:0:"";}s:9:"logged_in";b:1;s:11:"user_groups";a:1:{i:0;s:6:"parent";}}'),
('b5d6f1ccb8c731f743c9949f538f68bf', '127.0.0.1', '0', 1443613693, ''),
('bd5618874d76415e03bb5c7fac3ffeb6', '127.0.0.1', '0', 1443609810, ''),
('c3a73c1a30059a8ed63a98e154f6b410', '127.0.0.1', '0', 1443608032, ''),
('c4b51b84bd717acd4b60e80f456e5227', '127.0.0.1', '0', 1443609724, ''),
('c4e7e4e344d9af7c4b49ec1f230c8ad7', '127.0.0.1', '0', 1443611752, ''),
('ccf1294e2e8c8d190481af47da6880cf', '127.0.0.1', '0', 1443613700, ''),
('cdef6c563e6587adaed83e114d81263d', '127.0.0.1', '0', 1443614740, ''),
('d4d8c7ea6387b36c0f7c4db9d1921c11', '127.0.0.1', '0', 1443613697, ''),
('d97f81122e66f25be0355093599bff81', '127.0.0.1', '0', 1443608042, ''),
('dc26594eb2e2b68f1e55242e500c3e48', '127.0.0.1', '0', 1443607979, ''),
('dce43f2a1ecdf19f474b01471f7a6e36', '127.0.0.1', '0', 1443611623, ''),
('e119ab1e5d60a6afd6792c67176fb3c5', '127.0.0.1', '0', 1443613697, ''),
('e32f7baa460e9c239cae46ca5784b18e', '127.0.0.1', '0', 1443609724, ''),
('e46518442a174a2635eda9105c46cc46', '127.0.0.1', '0', 1443608061, ''),
('e8fdd25877d5fd4233bfcc356eccc59b', '127.0.0.1', '0', 1443609982, ''),
('f5fa8f21d2566182045c3833c63da035', '127.0.0.1', '0', 1443613688, ''),
('f9a7f142d53e0169e18b2aeadbab215a', '127.0.0.1', '0', 1443613700, '');

-- --------------------------------------------------------

--
-- Структура таблицы `dynamic_menus`
--

CREATE TABLE IF NOT EXISTS `dynamic_menus` (
  `id` int(11) NOT NULL AUTO_INCREMENT,
  `name` varchar(100) COLLATE utf8_unicode_ci NOT NULL,
  `description` text COLLATE utf8_unicode_ci NOT NULL,
  PRIMARY KEY (`id`)
) ENGINE=InnoDB  DEFAULT CHARSET=utf8 COLLATE=utf8_unicode_ci AUTO_INCREMENT=3 ;

--
-- Дамп данных таблицы `dynamic_menus`
--

INSERT INTO `dynamic_menus` (`id`, `name`, `description`) VALUES
(1, 'Меню админ панели', ''),
(2, 'Верхнее меню', '');

-- --------------------------------------------------------

--
-- Структура таблицы `emails`
--

CREATE TABLE IF NOT EXISTS `emails` (
  `id` int(11) NOT NULL AUTO_INCREMENT,
  `type` tinyint(1) NOT NULL DEFAULT '2',
  `subject` varchar(200) COLLATE utf8_unicode_ci NOT NULL,
  `description` text COLLATE utf8_unicode_ci NOT NULL,
  `name` varchar(200) COLLATE utf8_unicode_ci DEFAULT NULL,
  PRIMARY KEY (`id`)
) ENGINE=InnoDB  DEFAULT CHARSET=utf8 COLLATE=utf8_unicode_ci AUTO_INCREMENT=8 ;

--
-- Дамп данных таблицы `emails`
--

INSERT INTO `emails` (`id`, `type`, `subject`, `description`, `name`) VALUES
(1, 1, 'Новый заказ', 'Кллиент  %user_name% оформил заказ № %order_id%.', 'Администратору при заказе'),
(2, 1, 'Заказ %order_id% в интернет магазине', '<p>Менеджер свяжется с Вами %user_name%.</p>\r\n\r\n<p>%products%</p>\r\n', 'Клиенту при заказе'),
(3, 1, 'Статус Вашего заказа изменен', 'Уважаемый %user_name%.\r\nСтатус Вашего заказа %order_id% изменен на %order_status%', 'Клиенту при изменении статуса заказа'),
(4, 1, 'Регистрация в магазине', '%user_name%, спасибо за регистрацию в нашем магазине. \r\nВаш логин %login%\r\nВаш пароль %password%', 'При регистрации'),
(5, 1, 'Ваш пароль изменен', '<p>%user_name%, Ваш пароль в интернет магазине изменен.</p>\r\n\r\n<p>Новые данные доступа:</p>\r\n\r\n<p>Ваш логин %login%</p>\r\n\r\n<p>Ваш пароль %password%</p>\r\n', 'При изменении пароля'),
(6, 1, 'Заказан обратный звонок', '<p>Клиент %USER_NAME%, оставил номер телефона - %USER_PHONE%</p>\r\n', 'Обратный звонок'),
(7, 1, 'Востановление пароля', '<p>Для изменения пароля перейдите по <a href="%base_url%admin/registration/new_password?email=%user_email%&amp;secret=%secret%">ссылке</a></p>\r\n', 'Востановление пароля');

-- --------------------------------------------------------

--
-- Структура таблицы `images`
--

CREATE TABLE IF NOT EXISTS `images` (
  `id` int(11) NOT NULL AUTO_INCREMENT,
  `name` varchar(300) COLLATE utf8_unicode_ci NOT NULL,
  `is_cover` tinyint(1) NOT NULL DEFAULT '0',
  `object_type` varchar(30) COLLATE utf8_unicode_ci NOT NULL,
  `object_id` int(11) NOT NULL,
  `image_type` varchar(30) COLLATE utf8_unicode_ci NOT NULL,
  `url` varchar(200) COLLATE utf8_unicode_ci NOT NULL,
  PRIMARY KEY (`id`),
  KEY `object_type_object_id` (`object_type`,`object_id`)
) ENGINE=InnoDB DEFAULT CHARSET=utf8 COLLATE=utf8_unicode_ci AUTO_INCREMENT=1 ;

-- --------------------------------------------------------

--
-- Структура таблицы `mailouts`
--

CREATE TABLE IF NOT EXISTS `mailouts` (
  `id` int(11) NOT NULL AUTO_INCREMENT,
  `template_id` int(11) DEFAULT NULL,
  `users_ids` varchar(200) DEFAULT NULL,
  `mailouts_date` date DEFAULT NULL,
  `success` int(11) DEFAULT NULL,
  `no_success` int(11) DEFAULT NULL,
  PRIMARY KEY (`id`)
) ENGINE=InnoDB DEFAULT CHARSET=utf8 AUTO_INCREMENT=1 ;

-- --------------------------------------------------------

--
-- Структура таблицы `manufacturers`
--

CREATE TABLE IF NOT EXISTS `manufacturers` (
  `id` int(11) NOT NULL AUTO_INCREMENT,
  `name` varchar(255) COLLATE utf8_unicode_ci NOT NULL,
  PRIMARY KEY (`id`)
) ENGINE=InnoDB  DEFAULT CHARSET=utf8 COLLATE=utf8_unicode_ci AUTO_INCREMENT=3 ;

--
-- Дамп данных таблицы `manufacturers`
--

INSERT INTO `manufacturers` (`id`, `name`) VALUES
(1, 'Поставщик 1'),
(2, 'Поставщик 2');

-- --------------------------------------------------------

--
-- Структура таблицы `menu`
--

CREATE TABLE IF NOT EXISTS `menu` (
  `id` int(11) NOT NULL AUTO_INCREMENT,
  `name` varchar(255) COLLATE utf8_unicode_ci NOT NULL,
  `manufacturer_id` int(11) NOT NULL,
  `school_id` int(11) NOT NULL,
  PRIMARY KEY (`id`)
) ENGINE=InnoDB  DEFAULT CHARSET=utf8 COLLATE=utf8_unicode_ci AUTO_INCREMENT=4 ;

--
-- Дамп данных таблицы `menu`
--

INSERT INTO `menu` (`id`, `name`, `manufacturer_id`, `school_id`) VALUES
(1, 'Меню 1', 1, 1),
(2, 'Меню 2', 2, 2),
(3, 'Меню 3', 1, 3);

-- --------------------------------------------------------

--
-- Структура таблицы `menus_items`
--

CREATE TABLE IF NOT EXISTS `menus_items` (
  `id` int(11) NOT NULL AUTO_INCREMENT,
  `menu_id` int(11) NOT NULL,
  `name` varchar(200) COLLATE utf8_unicode_ci NOT NULL,
  `parent_id` int(11) NOT NULL,
  `sort` int(3) NOT NULL,
  `description` text COLLATE utf8_unicode_ci NOT NULL,
  `item_type` varchar(300) COLLATE utf8_unicode_ci NOT NULL,
  `url` text COLLATE utf8_unicode_ci NOT NULL,
  `is_manager` int(11) NOT NULL,
  PRIMARY KEY (`id`)
) ENGINE=InnoDB  DEFAULT CHARSET=utf8 COLLATE=utf8_unicode_ci AUTO_INCREMENT=55 ;

--
-- Дамп данных таблицы `menus_items`
--

INSERT INTO `menus_items` (`id`, `menu_id`, `name`, `parent_id`, `sort`, `description`, `item_type`, `url`, `is_manager`) VALUES
(1, 4, 'Блог', 0, 1, '', 'articles', 'blog', 0),
(2, 4, 'Новости', 0, 0, '', 'articles', 'novosti', 0),
(4, 1, '<i class=icon-home></i>', 0, 0, '', 'link', 'admin/', 0),
(6, 1, 'Меню', 0, 1, '', 'link', '#', 0),
(7, 1, 'Заказы', 0, 4, '', 'link', 'admin/admin_orders', 1),
(8, 1, 'Настройки', 0, 7, '', 'link', '#', 1),
(9, 1, 'Рассылки', 0, 5, '', 'link', '#', 1),
(10, 1, 'Меню сайта', 8, 6, '', 'link', 'admin/menu_module/menus', 0),
(11, 1, 'Пользователи', 0, 6, '', 'link', '#', 1),
(13, 1, 'Меню', 6, 1, '', 'link', 'admin/content/items/menu/', 0),
(14, 1, 'Категории', 6, 2, '', 'link', 'admin/content/items/categories/', 0),
(15, 1, 'Блюда', 6, 3, '', 'link', 'admin/content/items/products/', 0),
(16, 1, 'Поставщики', 6, 4, '', 'link', 'admin/content/items/manufacturers', 0),
(17, 1, 'Настройки сайта', 8, 10, '', 'link', 'admin/content/item/edit/settings/1', 0),
(19, 1, 'Шаблоны', 9, 1, '', 'link', 'admin/content/items/emails/2', 0),
(20, 1, 'Рассылки', 9, 2, '', 'link', 'admin/mailouts_module', 0),
(21, 1, 'Системные письма', 9, 3, '', 'link', 'admin/content/items/emails/1', 0),
(22, 1, 'Пользователи', 11, 1, '', 'link', 'admin/users_module/', 0),
(23, 1, 'Группы пользователей', 11, 2, '', 'link', 'admin/content/items/users_groups/all', 0),
(33, 4, 'Контакты', 0, 17, '', 'link', 'contacts/', 0),
(34, 4, 'Каталог', 0, 18, '', 'link', 'catalog/', 0),
(36, 1, 'Дети', 0, 2, '', 'link', 'admin/content/items/child_users/', 1),
(38, 1, 'Школы', 0, 3, '', 'link', 'admin/content/items/schools/', 1),
(40, 2, 'О нас', 0, 1, '', 'link', 'about', 0),
(41, 2, 'Плюсы для родителей', 42, 3, '', 'link', 'pluses-r', 0),
(42, 2, 'Родителям', 0, 2, '', 'link', '#', 0),
(43, 2, 'Наши цены', 42, 4, '', 'link', 'price', 0),
(44, 2, 'Способы оплаты', 42, 5, '', 'link', 'pay', 0),
(45, 2, 'Личный кабинет', 42, 6, '', 'link', 'lk', 0),
(46, 2, 'Школам', 0, 19, '', 'link', '#', 0),
(47, 2, 'Главные вопросы', 0, 20, '', 'link', 'faq', 0),
(48, 2, 'Контакты', 0, 21, '', 'link', 'contacts', 0),
(49, 2, 'Плюсы для школ', 46, 22, '', 'link', 'pluses-s', 0),
(50, 2, 'Заявка на подключение', 46, 23, '', 'link', 'order-s', 0),
(54, 1, 'Начисления', 0, 8, '', 'link', 'admin/charges', 1);

-- --------------------------------------------------------

--
-- Структура таблицы `order2products`
--

CREATE TABLE IF NOT EXISTS `order2products` (
  `order_id` int(11) NOT NULL,
  `product_id` int(11) NOT NULL,
  `quantity` int(11) NOT NULL
) ENGINE=InnoDB DEFAULT CHARSET=utf8 COLLATE=utf8_unicode_ci;

--
-- Дамп данных таблицы `order2products`
--

INSERT INTO `order2products` (`order_id`, `product_id`, `quantity`) VALUES
(1, 1, 1),
(2, 4, 2),
(3, 1, 3),
(4, 6, 1),
(5, 16, 2),
(5, 1, 1),
(5, 11, 1),
(6, 1, 1),
(7, 16, 1);

-- --------------------------------------------------------

--
-- Структура таблицы `orders`
--

CREATE TABLE IF NOT EXISTS `orders` (
  `id` int(11) NOT NULL AUTO_INCREMENT,
  `card_number` text COLLATE utf8_unicode_ci NOT NULL,
  `date` datetime NOT NULL,
  `summ` decimal(10,2) NOT NULL,
  `operation` enum('списание за смс-оповещение по питанию','списание за смс-оповещение по посещению','заказ','пополнение через сбербанк','пополнение через яндекс-кассу') COLLATE utf8_unicode_ci DEFAULT NULL,
  `info` text COLLATE utf8_unicode_ci NOT NULL,
  PRIMARY KEY (`id`)
) ENGINE=InnoDB  DEFAULT CHARSET=utf8 COLLATE=utf8_unicode_ci AUTO_INCREMENT=8 ;

--
-- Дамп данных таблицы `orders`
--

INSERT INTO `orders` (`id`, `card_number`, `date`, `summ`, `operation`, `info`) VALUES
(1, '3333', '2015-09-30 13:09:22', '100.00', 'заказ', ''),
(2, '3333', '2015-09-30 13:09:26', '200.00', 'заказ', ''),
(3, '3333', '2015-09-30 14:09:43', '300.00', 'заказ', ''),
(4, '2222', '2015-09-30 14:09:14', '80.00', 'заказ', ''),
(5, '3333', '2015-09-30 15:09:29', '340.00', 'заказ', ''),
(6, '3333', '2015-09-30 15:09:41', '100.00', 'заказ', ''),
(7, '3333', '2015-09-30 15:09:54', '80.00', 'заказ', '');

-- --------------------------------------------------------

--
-- Структура таблицы `products`
--

CREATE TABLE IF NOT EXISTS `products` (
  `id` int(11) NOT NULL AUTO_INCREMENT,
  `category_id` int(11) NOT NULL,
  `sort` int(11) NOT NULL DEFAULT '0',
  `name` text COLLATE utf8_unicode_ci NOT NULL,
  `weight` text COLLATE utf8_unicode_ci NOT NULL,
  `price` decimal(10,2) NOT NULL DEFAULT '0.00',
  PRIMARY KEY (`id`),
  KEY `parent_id` (`category_id`)
) ENGINE=InnoDB  DEFAULT CHARSET=utf8 COLLATE=utf8_unicode_ci AUTO_INCREMENT=19 ;

--
-- Дамп данных таблицы `products`
--

INSERT INTO `products` (`id`, `category_id`, `sort`, `name`, `weight`, `price`) VALUES
(1, 1, 0, 'Суп', '150', '100.00'),
(2, 3, 0, 'Желе', '120', '50.00'),
(3, 5, 0, 'Борщ', '150', '120.00'),
(4, 1, 0, 'Щи', '150', '100.00'),
(5, 6, 0, 'Рис', '130', '50.00'),
(6, 6, 0, 'Картофель фри', '120', '80.00'),
(7, 7, 0, 'Свинина', '130', '120.00'),
(8, 7, 0, 'Гуляш', '160', '140.00'),
(9, 6, 0, 'Картфель', '120', '50.00'),
(10, 6, 0, 'Греча', '120', '80.00'),
(11, 4, 0, 'Чай', '200', '80.00'),
(12, 4, 0, 'Кисель', '250', '70.00'),
(13, 4, 0, 'Сок', '250', '80.00'),
(14, 2, 0, 'Шницель с пюре', '200', '150.00'),
(15, 2, 0, 'Шницель с гречей', '210', '140.00'),
(16, 1, 0, 'Солянка', '140', '80.00'),
(17, 5, 0, 'Грибной суп', '130', '100.00'),
(18, 7, 0, 'Шницель', '110', '120.00');

-- --------------------------------------------------------

--
-- Структура таблицы `schools`
--

CREATE TABLE IF NOT EXISTS `schools` (
  `id` int(11) NOT NULL AUTO_INCREMENT,
  `name` varchar(255) COLLATE utf8_unicode_ci NOT NULL,
  PRIMARY KEY (`id`)
) ENGINE=InnoDB  DEFAULT CHARSET=utf8 COLLATE=utf8_unicode_ci AUTO_INCREMENT=4 ;

--
-- Дамп данных таблицы `schools`
--

INSERT INTO `schools` (`id`, `name`) VALUES
(1, 'Школа №1'),
(2, 'Школа №2'),
(3, 'Школа №3');

-- --------------------------------------------------------

--
-- Структура таблицы `settings`
--

CREATE TABLE IF NOT EXISTS `settings` (
  `id` int(11) NOT NULL AUTO_INCREMENT,
  `site_title` varchar(200) COLLATE utf8_unicode_ci NOT NULL,
  `admin_email` varchar(200) COLLATE utf8_unicode_ci NOT NULL,
  `admin_name` varchar(200) COLLATE utf8_unicode_ci NOT NULL,
  `order_string` varchar(200) COLLATE utf8_unicode_ci NOT NULL,
  `per_page` int(11) NOT NULL,
  `site_description` varchar(200) COLLATE utf8_unicode_ci NOT NULL,
  `site_keywords` varchar(200) COLLATE utf8_unicode_ci NOT NULL,
  `lastmod` date NOT NULL,
  `site_offline` int(11) DEFAULT '0',
  `offline_text` varchar(200) COLLATE utf8_unicode_ci NOT NULL,
  `main_page_type` int(11) NOT NULL DEFAULT '1',
  `main_page_id` int(11) NOT NULL,
  `main_page_cat` int(11) NOT NULL,
  PRIMARY KEY (`id`)
) ENGINE=InnoDB  DEFAULT CHARSET=utf8 COLLATE=utf8_unicode_ci AUTO_INCREMENT=2 ;

--
-- Дамп данных таблицы `settings`
--

INSERT INTO `settings` (`id`, `site_title`, `admin_email`, `admin_name`, `order_string`, `per_page`, `site_description`, `site_keywords`, `lastmod`, `site_offline`, `offline_text`, `main_page_type`, `main_page_id`, `main_page_cat`) VALUES
(1, 'Пробный сайт', 'admin@admin.ru', 'admin', 'Ваш заказ оформлен', 10, '', '', '2015-09-20', 0, '', 2, 6, 1);

-- --------------------------------------------------------

--
-- Структура таблицы `users`
--

CREATE TABLE IF NOT EXISTS `users` (
  `id` int(11) NOT NULL AUTO_INCREMENT,
  `name` varchar(200) COLLATE utf8_unicode_ci NOT NULL,
  `password` varchar(200) COLLATE utf8_unicode_ci NOT NULL,
  `email` varchar(200) COLLATE utf8_unicode_ci NOT NULL,
  `phone` varchar(20) COLLATE utf8_unicode_ci NOT NULL,
  `address` text COLLATE utf8_unicode_ci NOT NULL,
  `valid_email` tinyint(1) NOT NULL DEFAULT '0',
  `secret` varchar(100) COLLATE utf8_unicode_ci NOT NULL,
  PRIMARY KEY (`id`),
  UNIQUE KEY `id` (`id`),
  UNIQUE KEY `email` (`email`)
) ENGINE=InnoDB  DEFAULT CHARSET=utf8 COLLATE=utf8_unicode_ci AUTO_INCREMENT=4 ;

--
-- Дамп данных таблицы `users`
--

INSERT INTO `users` (`id`, `name`, `password`, `email`, `phone`, `address`, `valid_email`, `secret`) VALUES
(1, 'admin', '21232f297a57a5a743894a0e4a801fc3', 'admin@admin.ru', '79500147125', '', 0, 'f556de45badbca0264ee68f418a42265'),
(2, 'Петров Иван Васильевич', 'd0e45878043844ffc41aac437e86b602', 'ivanov@parent.ru', '79500147125', '', 0, ''),
(3, 'test_manager', '21232f297a57a5a743894a0e4a801fc3', 'ivan@manager.ru', '', '', 0, '');

-- --------------------------------------------------------

--
-- Структура таблицы `users2users_groups`
--

CREATE TABLE IF NOT EXISTS `users2users_groups` (
  `users_group_id` int(11) NOT NULL,
  `user_id` int(11) NOT NULL,
  KEY `users_group_id` (`users_group_id`),
  KEY `user_id` (`user_id`)
) ENGINE=InnoDB DEFAULT CHARSET=utf8;

--
-- Дамп данных таблицы `users2users_groups`
--

INSERT INTO `users2users_groups` (`users_group_id`, `user_id`) VALUES
(1, 1),
(3, 0),
(3, 3),
(2, 2);

-- --------------------------------------------------------

--
-- Структура таблицы `users_group2manufacturer`
--

CREATE TABLE IF NOT EXISTS `users_group2manufacturer` (
  `manufacturer_id` int(11) DEFAULT NULL,
  `user_group_id` int(11) DEFAULT NULL,
  KEY `manufacturer_id` (`manufacturer_id`),
  KEY `user_group_id` (`user_group_id`)
) ENGINE=InnoDB DEFAULT CHARSET=utf8;

--
-- Дамп данных таблицы `users_group2manufacturer`
--

INSERT INTO `users_group2manufacturer` (`manufacturer_id`, `user_group_id`) VALUES
(0, 3),
(1, 3),
(0, 3),
(1, 3);

-- --------------------------------------------------------

--
-- Структура таблицы `users_groups`
--

CREATE TABLE IF NOT EXISTS `users_groups` (
  `id` int(11) NOT NULL AUTO_INCREMENT,
  `name` varchar(255) NOT NULL,
  `is_edit` tinyint(1) NOT NULL DEFAULT '1',
  PRIMARY KEY (`id`)
) ENGINE=InnoDB  DEFAULT CHARSET=utf8 AUTO_INCREMENT=4 ;

--
-- Дамп данных таблицы `users_groups`
--

INSERT INTO `users_groups` (`id`, `name`, `is_edit`) VALUES
(1, 'admin', 0),
(2, 'parent', 0),
(3, 'manager', 1);

/*!40101 SET CHARACTER_SET_CLIENT=@OLD_CHARACTER_SET_CLIENT */;
/*!40101 SET CHARACTER_SET_RESULTS=@OLD_CHARACTER_SET_RESULTS */;
/*!40101 SET COLLATION_CONNECTION=@OLD_COLLATION_CONNECTION */;
